id,result,year,school_id,subject_id
26726,57,2015,6167,8
26727,52,2015,6167,4
26728,45,2015,6167,1
26729,62,2015,6167,11
26730,43,2015,6167,7
26731,65,2015,6167,2
26732,53,2015,6167,3
26733,53,2015,6167,9
26734,64,2015,6167,6
29176,53,2015,6167,3
29177,52,2015,6167,4
29178,65,2015,6167,2
29179,53,2015,6167,9
29180,43,2015,6167,7
29181,64,2015,6167,6
29182,45,2015,6167,1
29183,57,2015,6167,8
29184,62,2015,6167,11
32175,52,2015,6167,4
32176,43,2015,6167,7
32177,53,2015,6167,3
32178,53,2015,6167,9
32179,57,2015,6167,8
32180,64,2015,6167,6
32181,65,2015,6167,2
32182,62,2015,6167,11
32183,45,2015,6167,1
59241,75.57,2015,8128,2
59242,57,2015,8128,1
59243,57.06,2015,8128,8
59244,66.33,2015,8129,2
59245,52.61,2015,8129,1
59246,60.52,2015,8129,8
59247,45.5,2015,8129,7
59248,66.5,2015,8129,10
59249,72.5,2015,8130,2
59250,56.33,2015,8130,1
59251,58.8,2015,8130,8
59252,64.12,2015,8130,5
59253,59.66,2015,8130,7
59254,61.83,2015,8130,6
59255,56.5,2015,8130,3
59256,62.45,2015,8130,9
59257,61.3,2015,8130,4
59258,79.47,2015,8131,2
59259,48.54,2015,8131,1
59260,61.2,2015,8131,8
59261,52,2015,8131,7
59262,63,2015,8131,9
59263,60.25,2015,8131,3
59264,58.83,2015,8131,4
59265,65.61,2015,8132,2
59266,49.33,2015,8132,1
59267,58.3,2015,8132,8
59268,48.75,2015,8132,4
59269,49.25,2015,8132,7
59270,64.57,2015,8133,2
59271,35.61,2015,8133,1
59272,54.3,2015,8133,8
59273,71.87,2015,8134,2
59274,51.87,2015,8134,1
59275,54.16,2015,8134,8
59276,55,2015,8134,7
59277,70.23,2015,8135,2
59278,64.82,2015,8135,1
59279,56.2,2015,8135,8
59280,65.83,2015,8135,7
59281,63.27,2015,8136,2
59282,38.11,2015,8136,1
59283,47.25,2015,8136,8
59284,46.25,2015,8136,7
59285,74.76,2015,8137,2
59286,52.28,2015,8137,1
59287,70.2,2015,8137,8
59288,70.25,2015,8137,5
59289,56.11,2015,8137,7
59290,64,2015,8137,9
59291,61.14,2015,8137,3
59292,68.22,2015,8137,4
59293,77.64,2015,8138,2
59294,67.94,2015,8138,1
59295,68.4,2015,8138,8
59296,72,2015,8138,5
59297,62.32,2015,8138,7
59298,78.71,2015,8138,6
59299,65.6,2015,8138,3
59300,78.12,2015,8138,9
59301,49.85,2015,8138,4
59302,66.22,2015,8141,2
59303,43.87,2015,8141,1
59304,54,2015,8141,8
59305,45.58,2015,8141,7
59306,65.5,2015,8141,9
59307,43.5,2015,8141,3
59308,44.11,2015,8141,4
59309,61.29,2015,8143,2
59310,46.85,2015,8143,1
59311,52.85,2015,8143,8
59312,40,2015,8143,4
59313,52.07,2015,8143,7
59314,66.95,2015,8144,2
59315,52.08,2015,8144,1
59316,55.41,2015,8144,8
59317,53,2015,8144,7
59318,62.25,2015,8144,6
59319,54.2,2015,8144,9
59320,53.5,2015,8144,4
59321,74.56,2015,8145,2
59322,51.67,2015,8145,1
59323,60.58,2015,8145,8
59324,49.33,2015,8145,4
59325,59.5,2015,8145,7
59326,62.08,2015,8146,2
59327,40.78,2015,8146,1
59328,51.57,2015,8146,8
59329,48.21,2015,8146,7
59330,44.85,2015,8146,9
59331,63.5,2015,8146,3
59332,51.27,2015,8146,4
59333,64.31,2015,8147,2
59334,53.83,2015,8147,1
59335,60.75,2015,8147,8
59336,44.5,2015,8147,4
59337,50.16,2015,8147,7
59338,67.64,2015,8148,2
59339,48.3,2015,8148,1
59340,56.73,2015,8148,8
59341,36,2015,8148,4
59342,49.87,2015,8148,7
59343,59.04,2015,8149,2
59344,40.08,2015,8149,1
59345,49.6,2015,8149,8
59346,34.8,2015,8149,4
59347,48.28,2015,8149,7
59348,78.57,2015,8150,2
59349,60.12,2015,8150,1
59350,69.13,2015,8150,8
59351,76.22,2015,8150,5
59352,55.92,2015,8150,7
59353,75.88,2015,8150,3
59354,59.83,2015,8150,4
59355,70.76,2015,8151,2
59356,50.32,2015,8151,1
59357,59.3,2015,8151,8
59358,67,2015,8151,5
59359,55.81,2015,8151,7
59360,71,2015,8151,6
59361,67.55,2015,8151,3
59362,69.57,2015,8151,9
59363,52.5,2015,8151,4
59364,74.77,2015,8152,2
59365,56.14,2015,8152,1
59366,65.03,2015,8152,8
59367,61.66,2015,8152,7
59368,69.75,2015,8152,9
59369,48.57,2015,8152,3
59370,60.33,2015,8152,4
59371,80.34,2015,8153,2
59372,55.46,2015,8153,1
59373,60.4,2015,8153,8
59374,67.5,2015,8153,5
59375,51.75,2015,8153,7
59376,77.85,2015,8153,3
59377,57,2015,8153,4
59378,75.57,2015,8154,2
59379,55.82,2015,8154,1
59380,67.28,2015,8154,8
59381,54.16,2015,8154,7
59382,64,2015,8154,9
59383,70.58,2015,8154,3
59384,57.37,2015,8154,4
59385,78.11,2015,8155,2
59386,69.74,2015,8155,1
59387,70.35,2015,8155,8
59388,66.36,2015,8155,7
59389,70,2015,8155,6
59390,63.66,2015,8155,11
59391,74.11,2015,8155,3
59392,69.83,2015,8155,9
59393,70.55,2015,8155,4
59394,72.5,2015,8156,2
59395,47.87,2015,8156,1
59396,55.17,2015,8156,8
59397,51.42,2015,8156,7
59398,78.48,2015,8157,2
59399,63.46,2015,8157,1
59400,72.44,2015,8157,8
59401,59.14,2015,8157,7
59402,60.5,2015,8157,11
59403,62,2015,8157,4
59404,68.83,2015,8158,2
59405,57.75,2015,8158,3
59406,56.61,2015,8158,1
59407,65.72,2015,8158,8
59408,52.33,2015,8158,7
59409,70.88,2015,8162,2
59410,54,2015,8162,1
59411,66.6,2015,8162,8
59412,57.75,2015,8162,5
59413,60,2015,8162,7
59414,68.9,2015,8163,2
59415,41.47,2015,8163,1
59416,53.11,2015,8163,8
59417,54,2015,8163,7
59418,71.93,2015,8164,2
59419,53.38,2015,8164,1
59420,56.38,2015,8164,8
59421,51.25,2015,8164,6
59422,65.6,2015,8164,9
59423,54.25,2015,8164,4
59424,71.9,2015,8165,2
59425,47.2,2015,8165,1
59426,63,2015,8165,8
59427,50.38,2015,8165,7
59428,51.8,2015,8166,2
59429,28.16,2015,8166,1
59430,44.48,2015,8166,8
59431,37.25,2015,8166,4
59432,77.4,2015,8167,2
59433,55.3,2015,8167,1
59434,58.91,2015,8167,8
59435,57.83,2015,8167,7
59436,77.8,2015,8168,2
59437,47.59,2015,8168,1
59438,61.7,2015,8168,8
59439,54.33,2015,8168,7
59440,64.71,2015,8168,6
59441,56.43,2015,8168,11
59442,58.67,2015,8168,3
59443,61.24,2015,8168,9
59444,59,2015,8168,4
59445,76.92,2015,8169,2
59446,45.83,2015,8169,1
59447,61,2015,8169,8
59448,61.2,2015,8169,7
59449,64.71,2015,8169,6
59450,77.73,2015,8170,2
59451,51.81,2015,8170,1
59452,59.95,2015,8170,8
59453,59.56,2015,8170,7
59454,70.2,2015,8170,6
59455,57,2015,8170,11
59456,78.43,2015,8170,3
59457,66.25,2015,8170,9
59458,55.43,2015,8170,4
59459,68.71,2015,8171,2
59460,39.79,2015,8171,1
59461,63.14,2015,8171,8
59462,54.8,2015,8171,7
59463,67.74,2015,8172,2
59464,48.33,2015,8172,1
59465,53.18,2015,8172,8
59466,56,2015,8172,7
59467,58.4,2015,8172,9
59468,53.6,2015,8172,11
59469,48.75,2015,8172,3
59470,66.7,2015,8173,2
59471,48.36,2015,8173,1
59472,51.6,2015,8173,8
59473,42.5,2015,8173,4
59474,53.4,2015,8173,7
59475,59.55,2015,8174,2
59476,21.85,2015,8174,1
59477,49.92,2015,8174,8
59478,44,2015,8174,4
59479,66.61,2015,8175,2
59480,27.94,2015,8175,1
59481,47.41,2015,8175,8
59482,50.75,2015,8175,9
59483,70.69,2015,8176,2
59484,39.83,2015,8176,1
59485,53.8,2015,8176,8
59486,57.75,2015,8176,7
59487,58.5,2015,8176,6
59488,63.45,2015,8176,9
59489,56.25,2015,8176,4
59490,70.07,2015,8177,2
59491,43.88,2015,8177,1
59492,55.6,2015,8177,8
59493,57.5,2015,8177,7
59494,65.1,2015,8177,6
59495,61.5,2015,8177,9
59496,74.14,2015,8178,2
59497,40.97,2015,8178,1
59498,60.59,2015,8178,8
59499,55.6,2015,8178,5
59500,54.55,2015,8178,7
59501,75.75,2015,8178,6
59502,70.67,2015,8178,3
59503,75.25,2015,8178,9
59504,59.38,2015,8178,4
59505,69.56,2015,8179,2
59506,42.42,2015,8179,1
59507,61.18,2015,8179,8
59508,56.17,2015,8179,7
59509,67.44,2015,8179,6
59510,53.38,2015,8179,9
59511,71.72,2015,8180,2
59512,53.4,2015,8180,1
59513,59.23,2015,8180,8
59514,54,2015,8180,7
59515,74.6,2015,8180,6
59516,66.14,2015,8180,9
59517,74.35,2015,8181,2
59518,48.95,2015,8181,1
59519,60.96,2015,8181,8
59520,55.8,2015,8181,5
59521,56.07,2015,8181,7
59522,54.86,2015,8181,9
59523,72.5,2015,8181,3
59524,53.2,2015,8181,4
59525,64.21,2015,8182,2
59526,36.25,2015,8182,1
59527,53,2015,8182,8
59528,41.5,2015,8182,7
59529,74.56,2015,8183,2
59530,47.76,2015,8183,1
59531,56.6,2015,8183,8
59532,62,2015,8183,7
59533,68.75,2015,8183,11
59534,65,2015,8183,3
59535,55.75,2015,8183,4
59536,72.26,2015,8184,2
59537,54.57,2015,8184,1
59538,56.2,2015,8184,8
59539,42.83,2015,8184,4
59540,71.2,2015,8184,7
59541,65.38,2015,8185,2
59542,36,2015,8185,1
59543,58,2015,8185,8
59544,51,2015,8185,4
59545,47.6,2015,8185,7
59546,79.33,2015,8187,2
59547,60,2015,8187,1
59548,52.31,2015,8187,8
59549,43.6,2015,8187,4
59550,60.32,2015,8190,2
59551,33.59,2015,8190,1
59552,53.5,2015,8190,8
59553,52.86,2015,8190,7
59554,76.48,2015,8191,2
59555,62.25,2015,8191,1
59556,61.91,2015,8191,8
59557,65.04,2015,8191,7
59558,62,2015,8191,6
59559,69.77,2015,8191,11
59560,72.73,2015,8191,3
59561,65.86,2015,8191,4
59562,85.7,2015,8192,2
59563,75.33,2015,8192,1
59564,67.22,2015,8192,8
59565,69,2015,8192,7
59566,76.5,2015,8192,6
59567,85.5,2015,8192,11
59568,59.75,2015,8192,9
59569,81.71,2015,8193,2
59570,53.16,2015,8193,1
59571,69.67,2015,8193,8
59572,57.86,2015,8193,7
59573,61,2015,8193,6
59574,56.67,2015,8193,11
59575,66.83,2015,8193,3
59576,69.5,2015,8193,9
59577,67.6,2015,8193,4
59578,77.1,2015,8194,2
59579,47.64,2015,8194,1
59580,62.04,2015,8194,8
59581,65.83,2015,8194,5
59582,60.83,2015,8194,7
59583,67.86,2015,8194,6
59584,58,2015,8194,11
59585,70.59,2015,8194,3
59586,67.5,2015,8194,9
59587,60.75,2015,8194,4
59588,74.98,2015,8195,2
59589,55.42,2015,8195,1
59590,59.16,2015,8195,8
59591,56.4,2015,8195,7
59592,57.25,2015,8195,6
59593,66.67,2015,8195,11
59594,76.36,2015,8195,3
59595,61.43,2015,8195,9
59596,61.4,2015,8195,4
59597,69.81,2015,8196,2
59598,40.03,2015,8196,1
59599,56.83,2015,8196,8
59600,59,2015,8196,5
59601,53.91,2015,8196,7
59602,58.5,2015,8196,6
59603,73,2015,8196,3
59604,58.86,2015,8196,9
59605,65.4,2015,8196,4
59606,67.69,2015,8197,2
59607,34.6,2015,8197,1
59608,57.63,2015,8197,8
59609,55.8,2015,8197,9
59610,76.61,2015,8198,2
59611,58.19,2015,8198,1
59612,72,2015,8198,8
59613,64.6,2015,8198,9
59614,64,2015,8198,6
59615,78.53,2015,8199,2
59616,45,2015,8199,1
59617,52.25,2015,8199,8
59618,63.75,2015,8199,7
59619,71.75,2015,8199,9
59620,68.13,2015,8201,2
59621,40.88,2015,8201,1
59622,56,2015,8201,8
59623,56.2,2015,8201,7
59624,70,2015,8201,9
59625,60.2,2015,8202,2
59626,38.25,2015,8202,1
59627,55.33,2015,8202,8
59628,69.6,2015,8203,2
59629,75.5,2015,8203,3
59630,46.86,2015,8203,1
59631,58.59,2015,8203,8
59632,56.64,2015,8203,7
59633,80.57,2015,8204,2
59634,59.48,2015,8204,1
59635,66.05,2015,8204,8
59636,60.83,2015,8204,5
59637,58.5,2015,8204,7
59638,72.19,2015,8204,6
59639,72.13,2015,8204,11
59640,76.78,2015,8204,3
59641,74.74,2015,8204,9
59642,67.08,2015,8204,4
59643,73,2015,8205,2
59644,48.28,2015,8205,1
59645,55.11,2015,8205,8
59646,53.25,2015,8205,7
59647,68.29,2015,8206,2
59648,37.12,2015,8206,1
59649,59.29,2015,8206,8
59650,50.33,2015,8206,7
59651,60.75,2015,8206,9
59652,78.76,2015,8207,2
59653,50.04,2015,8207,1
59654,54.11,2015,8207,8
59655,58.8,2015,8207,9
59656,56.2,2015,8207,6
59657,76.71,2015,8208,2
59658,45.9,2015,8208,1
59659,58.39,2015,8208,8
59660,64.1,2015,8208,5
59661,59.04,2015,8208,7
59662,61.89,2015,8208,6
59663,65,2015,8208,11
59664,76,2015,8208,3
59665,61.67,2015,8208,9
59666,73.9,2015,8208,4
59667,81.12,2015,8209,2
59668,57.12,2015,8209,1
59669,62.04,2015,8209,8
59670,65.83,2015,8209,5
59671,62.59,2015,8209,7
59672,69.69,2015,8209,6
59673,65,2015,8209,11
59674,70.59,2015,8209,3
59675,74,2015,8209,9
59676,64.59,2015,8209,4
59677,68.04,2015,8210,2
59678,40,2015,8210,1
59679,55,2015,8210,8
59680,46.25,2015,8210,4
59681,49.67,2015,8210,7
59682,80.78,2015,8211,2
59683,39.14,2015,8211,1
59684,63.77,2015,8211,8
59685,56.78,2015,8211,7
59686,69.25,2015,8211,6
59687,81,2015,8211,3
59688,68.5,2015,8211,9
59689,73.67,2015,8212,2
59690,42.48,2015,8212,1
59691,50.56,2015,8212,8
59692,48.5,2015,8212,7
59693,62.22,2015,8212,6
59694,59,2015,8212,9
59695,82.78,2015,8213,2
59696,70.57,2015,8213,1
59697,68.17,2015,8213,8
59698,60.47,2015,8213,7
59699,73.9,2015,8213,11
59700,85.07,2015,8213,3
59701,62.29,2015,8213,4
60158,67.51,2015,8298,2
60159,43,2015,8298,1
60160,54.87,2015,8298,8
60161,46.76,2015,8298,7
60162,52.22,2015,8298,3
60163,46.13,2015,8298,4
60164,79.94,2015,8300,2
60165,59.93,2015,8300,1
60166,59.3,2015,8300,8
60167,71.67,2015,8300,5
60168,64.69,2015,8300,7
60169,65.38,2015,8300,11
60170,69.08,2015,8300,3
60171,54.83,2015,8300,4
60172,76.21,2015,8301,2
60173,62.61,2015,8301,1
60174,64.73,2015,8301,8
60175,55.75,2015,8301,7
60176,75.75,2015,8301,9
60177,59.83,2015,8301,11
60178,58.36,2015,8302,2
60179,32.46,2015,8302,1
60180,48.75,2015,8302,8
60181,43,2015,8302,4
60182,69.67,2015,8303,2
60183,38.67,2015,8303,1
60184,52.25,2015,8303,8
60185,44.75,2015,8303,7
60186,69.35,2015,8304,2
60187,47.25,2015,8304,1
60188,65,2015,8304,8
60189,43.11,2015,8304,7
60190,56.75,2015,8304,10
60191,40.5,2015,8304,11
60192,67.68,2015,8305,2
60193,38.29,2015,8305,1
60194,56.55,2015,8305,8
60195,62.54,2015,8305,7
60196,55.43,2015,8305,9
60197,40,2015,8305,11
60198,70,2015,8305,3
60199,48.67,2015,8305,4
60200,69.51,2015,8306,2
60201,46.98,2015,8306,1
60202,57.88,2015,8306,8
60203,54.5,2015,8306,7
60204,55.29,2015,8306,6
60205,63.31,2015,8306,11
60206,57.6,2015,8306,3
60207,56.93,2015,8306,9
60208,52.33,2015,8306,4
60209,71.83,2015,8306,10
60210,73.83,2015,8307,2
60211,44.18,2015,8307,1
60212,56.4,2015,8307,8
60213,54,2015,8307,5
60214,53.5,2015,8307,7
60215,71.75,2015,8307,6
60216,46.46,2015,8307,11
60217,51.56,2015,8307,3
60218,54.44,2015,8307,9
60219,55.81,2015,8307,4
60220,62.78,2015,8307,10
60221,75.73,2015,8308,2
60222,51.93,2015,8308,1
60223,66.27,2015,8308,8
60224,52,2015,8308,5
60225,56.93,2015,8308,7
60226,62.75,2015,8308,9
60227,64.43,2015,8308,11
60228,68.5,2015,8308,3
60229,68,2015,8308,10
60230,64.67,2015,8308,4
60231,61.7,2015,8310,2
60232,40.85,2015,8310,1
60233,50.5,2015,8310,8
60234,39.25,2015,8310,7
60235,51.5,2015,8310,6
60236,51.6,2015,8310,9
60237,66,2015,8311,2
60238,38.36,2015,8311,1
60239,50.16,2015,8311,8
60240,46.88,2015,8311,7
60241,55.75,2015,8311,9
60242,64.4,2015,8311,10
60243,37,2015,8311,4
60244,71.13,2015,8312,2
60245,44.51,2015,8312,1
60246,56.65,2015,8312,8
60247,61,2015,8312,5
60248,51.06,2015,8312,7
60249,63.67,2015,8312,6
60250,50.8,2015,8312,11
60251,77.4,2015,8312,3
60252,50.18,2015,8312,9
60253,51.67,2015,8312,4
60254,67.91,2015,8313,2
60255,48.95,2015,8313,1
60256,55.55,2015,8313,8
60257,53.11,2015,8313,7
60258,69.4,2015,8314,2
60259,36.48,2015,8314,1
60260,53.42,2015,8314,8
60261,65.75,2015,8314,4
60262,49.83,2015,8314,7
60263,67.32,2015,8315,2
60264,38.2,2015,8315,1
60265,53.29,2015,8315,8
60266,41,2015,8315,4
60267,47.6,2015,8315,7
60268,71.06,2015,8316,2
60269,47.58,2015,8316,1
60270,54.96,2015,8316,8
60271,62.5,2015,8316,5
60272,56.29,2015,8316,7
60273,57,2015,8316,6
60274,69.3,2015,8316,11
60275,57.17,2015,8316,3
60276,55.25,2015,8316,9
60277,54,2015,8316,4
60278,73,2015,8316,10
60279,65.63,2015,8317,2
60280,42.25,2015,8317,1
60281,58.6,2015,8317,8
60282,46.63,2015,8317,7
60283,39,2015,8317,9
60284,63.4,2015,8317,10
60285,56.29,2015,8318,2
60286,34.25,2015,8318,1
60287,40.57,2015,8318,8
60288,43,2015,8318,7
60289,64.5,2015,8319,2
60290,36.63,2015,8319,1
60291,58.29,2015,8319,8
60292,45,2015,8319,7
60293,43.67,2015,8319,9
60294,50.5,2015,8319,4
60295,63.5,2015,8320,2
60296,45.63,2015,8320,1
60297,60.65,2015,8320,8
60298,49.14,2015,8320,7
60299,57.07,2015,8321,2
60300,32.47,2015,8321,1
60301,42.78,2015,8321,8
60302,43.43,2015,8321,7
60303,40.25,2015,8321,9
60304,45,2015,8321,3
60305,50.25,2015,8321,10
60306,35.67,2015,8321,4
60307,63.74,2015,8322,2
60308,43.64,2015,8322,1
60309,53,2015,8322,8
60310,57.75,2015,8322,5
60311,47.21,2015,8322,7
60312,49.88,2015,8322,11
60313,48.14,2015,8322,4
60314,64.65,2015,8323,2
60315,50,2015,8323,1
60316,52.73,2015,8323,8
60317,43,2015,8323,4
60318,68,2015,8324,2
60319,36.57,2015,8324,1
60320,50.71,2015,8324,8
60321,44.38,2015,8324,7
60322,42.83,2015,8324,9
60323,50.43,2015,8324,4
60324,65.44,2015,8325,2
60325,38.29,2015,8325,1
60326,52.67,2015,8325,8
60327,50,2015,8325,4
60328,61,2015,8325,7
60329,70.18,2015,8326,2
60330,45,2015,8326,1
60331,58,2015,8326,8
60332,45.2,2015,8326,4
60333,78.83,2015,8327,2
60334,46.79,2015,8327,1
60335,66.76,2015,8327,8
60336,57,2015,8327,5
60337,68,2015,8327,3
60338,66.63,2015,8327,4
60339,65.19,2015,8328,2
60340,37.69,2015,8328,1
60341,49.5,2015,8328,8
60342,52.56,2015,8328,7
60343,60,2015,8328,9
60344,48.75,2015,8328,11
60345,81.21,2015,8329,2
60346,63.86,2015,8329,1
60347,78,2015,8329,8
60348,55.64,2015,8329,7
60349,87.4,2015,8329,6
60350,75.75,2015,8329,3
60351,73.75,2015,8329,9
60352,76.55,2015,8329,4
60353,78.69,2015,8330,2
60354,48.33,2015,8330,1
60355,58.93,2015,8330,8
60356,64.14,2015,8330,5
60357,56.21,2015,8330,7
60358,59.71,2015,8330,6
60359,53.5,2015,8330,11
60360,52.5,2015,8330,3
60361,56.89,2015,8330,9
60362,54.4,2015,8330,4
60363,62.45,2015,8331,2
60364,28.64,2015,8331,1
60365,82.21,2015,8332,2
60366,48.78,2015,8332,1
60367,62.06,2015,8332,8
60368,61,2015,8332,5
60369,48,2015,8332,7
60370,71.86,2015,8332,6
60371,57.75,2015,8332,11
60372,78.04,2015,8332,3
60373,72.5,2015,8332,9
60374,59,2015,8332,4
60375,73.58,2015,8333,2
60376,52,2015,8333,1
60377,57.25,2015,8333,8
60378,67,2015,8333,7
60379,53.25,2015,8333,10
60380,66,2015,8333,11
60381,62,2015,8334,2
60382,40.69,2015,8334,1
60383,46.86,2015,8334,8
60384,42.6,2015,8334,7
60385,45.2,2015,8334,9
60386,43.5,2015,8334,4
60387,69.93,2015,8335,2
60388,42.81,2015,8335,1
60389,56.05,2015,8335,8
60390,51.73,2015,8335,7
60391,50,2015,8335,9
60392,52,2015,8335,11
60393,49.38,2015,8335,4
60394,71.93,2015,8336,2
60395,46.53,2015,8336,1
60396,52.62,2015,8336,8
60397,48.74,2015,8336,7
60398,60.38,2015,8336,6
60399,48.81,2015,8336,11
60400,70,2015,8336,3
60401,54.24,2015,8336,9
60402,48.7,2015,8336,4
60403,64.75,2015,8336,10
60404,63,2015,8337,2
60405,34.75,2015,8337,1
60406,67.74,2015,8338,2
60407,48.87,2015,8338,1
60408,49.89,2015,8338,8
60409,52.29,2015,8338,7
60410,48.43,2015,8338,9
60411,57,2015,8338,10
60412,65.72,2015,8339,2
60413,46.92,2015,8339,1
60414,56.2,2015,8339,8
60415,49.5,2015,8339,7
60416,65,2015,8340,2
60417,35.74,2015,8340,1
60418,53.33,2015,8340,8
60419,41.6,2015,8340,7
60420,44,2015,8340,9
60421,48.75,2015,8340,4
60422,73.42,2015,8341,2
60423,44.38,2015,8341,1
60424,62.82,2015,8341,8
60425,74.25,2015,8341,5
60426,49.62,2015,8341,7
60427,57.14,2015,8341,9
60428,63.5,2015,8341,11
60429,63.4,2015,8341,3
60430,66.86,2015,8341,10
60431,56.43,2015,8341,4
60432,62.42,2015,8342,2
60433,36.79,2015,8342,1
60434,51.64,2015,8342,8
60435,44.25,2015,8342,7
60436,75.41,2015,8343,2
60437,55.92,2015,8343,1
60438,72.42,2015,8343,8
60439,64.3,2015,8343,5
60440,49.91,2015,8343,7
60441,62.56,2015,8343,6
60442,73.27,2015,8343,11
60443,70.88,2015,8343,3
60444,66.09,2015,8343,9
60445,57.2,2015,8343,4
60446,67.64,2015,8344,2
60447,52,2015,8344,1
60448,53,2015,8344,8
60449,44.5,2015,8344,7
60450,46,2015,8344,9
60451,34.8,2015,8344,4
60452,80.97,2015,8345,2
60453,52.46,2015,8345,1
60454,63.84,2015,8345,8
60455,59.66,2015,8345,7
60456,79.26,2015,8345,6
60457,65.89,2015,8345,11
60458,65.75,2015,8345,3
60459,76.84,2015,8345,9
60460,60.4,2015,8345,4
60461,66.8,2015,8346,2
60462,41.4,2015,8346,1
60463,53.34,2015,8346,8
60464,55.5,2015,8346,7
60465,60.8,2015,8346,6
60466,48.9,2015,8346,9
60467,66.93,2015,8347,2
60468,47,2015,8347,1
60469,63.5,2015,8347,8
60470,47,2015,8347,7
60471,80.51,2015,8348,2
60472,82.75,2015,8348,3
60473,79.62,2015,8348,1
60474,77.39,2015,8348,7
60475,80.12,2015,8348,6
60476,64.15,2015,8351,2
60477,33.5,2015,8351,1
60478,46.71,2015,8351,8
60479,45.5,2015,8351,7
60480,36.4,2015,8351,9
60481,76.58,2015,8352,2
60482,49.91,2015,8352,1
60483,64.9,2015,8352,8
60484,54.13,2015,8352,7
60485,43.78,2015,8352,9
60486,58.75,2015,8352,11
60487,59.75,2015,8352,3
60488,64.38,2015,8352,4
60489,65.33,2015,8355,2
60490,40.18,2015,8355,1
60491,53.8,2015,8355,8
60492,48.09,2015,8355,7
60493,49.29,2015,8355,10
60494,67.25,2015,8355,11
60495,52.83,2015,8355,4
60496,72.92,2015,8358,2
60497,43.1,2015,8358,1
60498,59.88,2015,8358,8
60499,50.78,2015,8358,5
60500,57.22,2015,8358,7
60501,46.23,2015,8358,9
60502,55.7,2015,8358,11
60503,49.5,2015,8358,10
60504,54.4,2015,8358,4
60505,52.6,2015,8360,2
60506,26.7,2015,8360,1
60507,38.3,2015,8360,8
60508,32,2015,8360,4
60509,42.4,2015,8360,9
60510,79.2,2015,8361,2
60511,57.3,2015,8361,1
60512,60.5,2015,8361,8
60513,54.4,2015,8361,7
60514,79.9,2015,8361,6
60515,68.6,2015,8361,11
60516,74,2015,8361,3
60517,82.2,2015,8361,9
60518,55.7,2015,8361,4
60519,75.3,2015,8362,2
60520,49.3,2015,8362,1
60521,61.6,2015,8362,8
60522,48.7,2015,8362,7
60523,52.8,2015,8362,9
60524,36.8,2015,8362,11
60525,62,2015,8362,4
60526,72.2,2015,8363,2
60527,50.6,2015,8363,1
60528,56.1,2015,8363,8
60529,63,2015,8363,5
60530,55.7,2015,8363,7
60531,68.2,2015,8363,9
60532,61.9,2015,8363,11
60533,53.8,2015,8363,3
60534,53.6,2015,8363,4
60535,73.7,2015,8364,2
60536,57.6,2015,8364,1
60537,64.2,2015,8364,8
60538,60,2015,8364,5
60539,54.9,2015,8364,7
60540,63,2015,8364,6
60541,68,2015,8364,3
60542,65,2015,8364,9
60543,53,2015,8364,4
60544,77.9,2015,8365,2
60545,62.6,2015,8365,1
60546,66.8,2015,8365,8
60547,73.1,2015,8365,5
60548,66.3,2015,8365,7
60549,63.5,2015,8365,6
60550,74.3,2015,8365,11
60551,71.1,2015,8365,3
60552,67,2015,8365,9
60553,61.4,2015,8365,4
60554,78.1,2015,8366,2
60555,55.4,2015,8366,1
60556,63.1,2015,8366,8
60557,73,2015,8366,5
60558,59.7,2015,8366,7
60559,60,2015,8366,6
60560,72.2,2015,8366,11
60561,75.1,2015,8366,3
60562,69.3,2015,8366,4
60563,67.7,2015,8367,2
60564,41.6,2015,8367,1
60565,49.2,2015,8367,8
60566,45.8,2015,8367,7
60567,48.2,2015,8367,9
60568,43.3,2015,8367,4
60569,76.4,2015,8368,2
60570,55.5,2015,8368,1
60571,55.3,2015,8368,8
60572,59.6,2015,8368,7
60573,69.3,2015,8368,6
60574,54.1,2015,8368,11
60575,78.6,2015,8368,9
60576,47.8,2015,8368,4
60577,68.3,2015,8369,2
60578,40.4,2015,8369,1
60579,55.6,2015,8369,8
60580,65.4,2015,8369,5
60581,44.6,2015,8369,7
60582,69.5,2015,8369,3
60583,47.6,2015,8369,4
60584,68.9,2015,8370,2
60585,43.5,2015,8370,1
60586,57.8,2015,8370,8
60587,72.3,2015,8370,5
60588,51.7,2015,8370,7
60589,53.3,2015,8370,9
60590,53,2015,8370,4
60591,67.8,2015,8371,2
60592,42,2015,8371,1
60593,55.2,2015,8371,8
60594,49.3,2015,8371,7
60595,53,2015,8371,9
60596,52.5,2015,8371,4
60597,67.8,2015,8373,2
60598,43.8,2015,8373,1
60599,54,2015,8373,8
60600,47.8,2015,8373,7
60601,56,2015,8373,9
60602,68.2,2015,8374,2
60603,40.4,2015,8374,1
60604,52.5,2015,8374,8
60605,63.7,2015,8374,5
60606,49.7,2015,8374,7
60607,46.2,2015,8374,9
60608,54.8,2015,8374,11
60609,46.8,2015,8374,3
60610,47.1,2015,8374,4
60611,58,2015,8375,2
60612,29.5,2015,8375,1
60613,45.5,2015,8375,8
60614,55.6,2015,8375,5
60615,41.5,2015,8375,7
60616,44.5,2015,8375,9
60617,67,2015,8376,2
60618,47.1,2015,8376,1
60619,48.1,2015,8376,8
60620,57.5,2015,8376,5
60621,55.3,2015,8376,7
60622,52.5,2015,8376,9
60623,77.8,2015,8377,2
60624,54.5,2015,8377,1
60625,62.1,2015,8377,8
60626,66,2015,8377,5
60627,67.3,2015,8377,7
60628,60.4,2015,8377,9
60629,71.6,2015,8377,11
60630,71.6,2015,8377,3
60631,66,2015,8377,4
60632,64.1,2015,8378,2
60633,37.7,2015,8378,1
60634,51.3,2015,8378,8
60635,45.5,2015,8378,7
60636,42.8,2015,8378,9
60637,71.5,2015,8379,2
60638,47.4,2015,8379,1
60639,58.4,2015,8379,8
60640,52.2,2015,8379,7
60641,64,2015,8379,9
60642,50,2015,8379,4
60643,71,2015,8380,2
60644,42.3,2015,8380,1
60645,57.5,2015,8380,8
60646,53,2015,8380,7
60647,60,2015,8380,9
60648,65.6,2015,8380,4
60649,65,2015,8382,2
60650,39.2,2015,8382,1
60651,45.3,2015,8382,8
60652,49,2015,8382,7
60653,56,2015,8382,6
60654,34.7,2015,8382,11
60655,52.5,2015,8382,9
60656,34.5,2015,8382,4
60657,68,2015,8383,2
60658,40.1,2015,8383,1
60659,47.9,2015,8383,8
60660,51.3,2015,8383,7
60661,57.4,2015,8383,6
60662,50.7,2015,8383,9
60663,67.2,2015,8384,2
60664,39.1,2015,8384,1
60665,51,2015,8384,8
60666,45.7,2015,8384,7
60667,53.4,2015,8384,9
60668,70.5,2015,8385,2
60669,41.8,2015,8385,1
60670,49.9,2015,8385,8
60671,65.3,2015,8385,5
60672,53.8,2015,8385,7
60673,61.7,2015,8386,2
60674,41.4,2015,8386,1
60675,46,2015,8386,8
60676,52,2015,8386,7
60677,52.5,2015,8386,9
60678,36.6,2015,8386,4
60679,69.9,2015,8387,2
60680,39.9,2015,8387,1
60681,56,2015,8387,8
60682,47.4,2015,8387,7
60683,60.1,2015,8387,9
60684,47.6,2015,8387,4
60685,64.9,2015,8388,2
60686,38.9,2015,8388,1
60687,45.8,2015,8388,8
60688,53.3,2015,8388,5
60689,51.3,2015,8388,7
60690,68.3,2015,8388,9
60691,58.8,2015,8390,2
60692,29.4,2015,8390,1
60693,51.5,2015,8390,8
60694,48.4,2015,8390,9
60695,68.3,2015,8391,2
60696,45.1,2015,8391,1
60697,52.4,2015,8391,8
60698,55.7,2015,8391,7
60699,56.9,2015,8391,9
60700,66.8,2015,8392,2
60701,42.2,2015,8392,1
60702,48.7,2015,8392,8
60703,44,2015,8392,4
60704,49.8,2015,8392,7
60705,66.6,2015,8395,2
60706,40.6,2015,8395,1
60707,45.2,2015,8395,8
60708,47.8,2015,8395,7
60709,40.3,2015,8395,6
60710,44.9,2015,8395,9
60711,31.8,2015,8395,4
60712,72.1,2015,8396,2
60713,43.8,2015,8396,1
60714,50.3,2015,8396,8
60715,65.9,2015,8396,5
60716,68.4,2015,8396,6
60717,55.6,2015,8396,3
60718,61.8,2015,8396,9
60719,50.2,2015,8396,4
60720,64,2015,8398,2
60721,38.8,2015,8398,1
60722,44.3,2015,8398,8
60723,60.6,2015,8398,5
60724,45.1,2015,8398,7
60725,54,2015,8398,6
60726,42,2015,8398,3
60727,59.3,2015,8398,9
60728,75.1,2015,8399,2
60729,65.2,2015,8399,3
60730,44.9,2015,8399,1
60731,63,2015,8399,8
60732,71,2015,8399,5
60733,66.11,2015,8402,11
60734,75.2,2015,8407,3
60735,76.29,2015,8414,3
60736,62.36,2015,8416,4
60737,80.14,2015,8421,2
60738,64.43,2015,8421,1
60739,68.77,2015,8421,8
60740,70.88,2015,8421,5
60741,67.52,2015,8421,7
60742,74.25,2015,8421,9
60743,67.71,2015,8421,11
60744,81.74,2015,8421,3
60745,60,2015,8421,4
60746,67.33,2015,8426,11
60747,78.28,2015,8427,2
60748,67.5,2015,8427,8
60749,74.69,2015,8427,7
60750,75,2015,8430,2
60751,75.43,2015,8438,3
60752,69.2,2015,8441,5
60753,75.78,2015,8444,2
60754,64.67,2015,8444,1
60755,71.82,2015,8444,7
60756,70.1,2015,8444,9
60757,68.83,2015,8444,11
60758,70.83,2015,8444,6
60759,66.55,2015,8470,11
60760,76.89,2015,8471,2
60761,60.17,2015,8471,1
60762,71.39,2015,8471,8
60763,74,2015,8471,5
60764,86.86,2015,8471,3
60765,70.11,2015,8471,4
60766,66.4,2015,8472,11
60767,78.56,2015,8476,2
60768,65.37,2015,8476,7
60769,76.5,2015,8476,9
60770,60.07,2015,8485,1
60771,82.04,2015,8487,2
60772,78.9,2015,8487,11
60773,77.14,2015,8487,1
60774,82.95,2015,8487,7
60775,78.1,2015,8487,3
60776,65.79,2015,8489,8
60777,73.62,2015,8489,9
60778,70.5,2015,8489,4
60779,73.08,2015,8489,6
60780,75.01,2015,8494,2
60781,76.83,2015,8510,3
60782,76.75,2015,8514,2
60783,67.79,2015,8514,11
60784,67.35,2015,8514,1
60785,72.84,2015,8514,7
60786,71.14,2015,8514,9
60787,67.83,2015,8520,7
60788,78.71,2015,8521,2
60789,76.32,2015,8521,3
60790,62.19,2015,8521,1
60791,66.31,2015,8521,8
60792,59.4,2015,8526,2
60793,28.1,2015,8526,1
60794,58,2015,8527,2
60795,26,2015,8527,1
60796,59,2015,8528,2
60797,31,2015,8528,1
60798,81.2,2015,8529,2
60799,54.78,2015,8529,1
60800,69.3,2015,8530,2
60801,41.39,2015,8530,1
60802,77,2015,8531,2
60803,52,2015,8531,1
60804,59.65,2015,8532,2
60805,38.33,2015,8532,1
60806,64,2015,8533,2
60807,44,2015,8533,1
60808,64,2015,8534,2
60809,37,2015,8534,1
60810,69.1,2015,8535,2
60811,45.1,2015,8535,1
60812,69.9,2015,8536,2
60813,46.78,2015,8536,1
60814,65.1,2015,8537,2
60815,40.59,2015,8537,1
60816,67,2015,8538,2
60817,35,2015,8538,1
60818,62,2015,8539,2
60819,39,2015,8539,1
60820,68,2015,8540,2
60821,43,2015,8540,1
60822,53,2015,8541,2
60823,26,2015,8541,1
60824,64.2,2015,8542,2
60825,47.9,2015,8542,1
60826,70.1,2015,8543,2
60827,46.3,2015,8543,1
60828,60.3,2015,8544,2
60829,23.41,2015,8544,1
60830,63,2015,8545,2
60831,41.57,2015,8545,1
60832,70.4,2015,8546,2
60833,48.14,2015,8546,1
60834,64.2,2015,8547,2
60835,36.2,2015,8547,1
60836,75.5,2015,8548,2
60837,52.7,2015,8548,1
60838,60.8,2015,8549,2
60839,31,2015,8549,1
60840,55.1,2015,8550,2
60841,27.13,2015,8550,1
60842,58,2015,8551,2
60843,32,2015,8551,1
60844,68,2015,8552,2
60845,46,2015,8552,1
60846,63.1,2015,8553,2
60847,40.1,2015,8553,1
60848,70.6,2015,8554,2
60849,46.72,2015,8554,1
60850,69.3,2015,8555,2
60851,49.9,2015,8555,1
60852,79,2015,8556,2
60853,62,2015,8556,1
60854,74,2015,8557,2
60855,59,2015,8557,1
60856,53.5,2015,8558,2
60857,23.6,2015,8558,1
60858,64.2,2015,8559,2
60859,46.8,2015,8559,1
60860,66,2015,8560,2
60861,45,2015,8560,1
60862,62,2015,8561,2
60863,31,2015,8561,1
60864,67,2015,8562,2
60865,39,2015,8562,1
60866,73,2015,8563,2
60867,57.34,2015,8563,1
60868,71,2015,8564,2
60869,49,2015,8564,1
60870,73,2015,8565,2
60871,43,2015,8565,1
60872,68.3,2015,8566,2
60873,42.42,2015,8566,1
60874,79.7,2015,8567,2
60875,67.8,2015,8567,1
60876,69,2015,8568,2
60877,45,2015,8568,1
60878,67,2015,8569,2
60879,36.4,2015,8569,1
60880,59.2,2015,8570,2
60881,24.52,2015,8570,1
60882,69,2015,8573,2
60883,42,2015,8573,1
60884,69,2015,8574,2
60885,51,2015,8574,1
60886,73,2015,8575,2
60887,44,2015,8575,1
60888,60,2015,8576,2
60889,37,2015,8576,1
60890,66,2015,8577,2
60891,40,2015,8577,1
60892,65.3,2015,8579,2
60893,34.1,2015,8579,1
60894,60,2015,8581,2
60895,29,2015,8581,1
60896,67.8,2015,8582,2
60897,49.06,2015,8582,1
60898,69,2015,8583,2
60899,45,2015,8583,1
60900,67.44,2015,8584,2
60901,44.97,2015,8584,1
60902,74.3,2015,8585,2
60903,46.75,2015,8585,1
60904,75.4,2015,8586,2
60905,55.1,2015,8586,1
60906,65.3,2015,8587,2
60907,35.5,2015,8587,1
60908,67,2015,8588,2
60909,41,2015,8588,1
60910,59,2015,8589,2
60911,42,2015,8589,1
60912,65,2015,8590,2
60913,38,2015,8590,1
60914,65,2015,8591,2
60915,44,2015,8591,1
60916,74.8,2015,8592,2
60917,44.17,2015,8592,1
60918,63.2,2015,8593,2
60919,33.6,2015,8593,1
60920,70.6,2015,8594,2
60921,39.95,2015,8594,1
60922,71,2015,9197,2
60923,48.9,2015,9197,1
60924,57.6,2015,9197,8
60925,46.5,2015,9197,5
60926,54.9,2015,9197,7
60927,66,2015,9197,6
60928,63.7,2015,9197,9
60929,34.7,2015,9197,4
60930,68.5,2015,9198,2
60931,49.9,2015,9198,1
60932,58.4,2015,9198,8
60933,52.4,2015,9198,7
60934,68.8,2015,9198,9
60935,43.3,2015,9198,4
60936,81,2015,9199,2
60937,52.9,2015,9199,1
60938,64.7,2015,9199,8
60939,67.3,2015,9199,5
60940,60.5,2015,9199,7
60941,74.9,2015,9199,6
60942,68.9,2015,9199,11
60943,80.2,2015,9199,3
60944,77.9,2015,9199,9
60945,66,2015,9199,4
60946,76.9,2015,9200,2
60947,54.2,2015,9200,1
60948,62.5,2015,9200,8
60949,56.8,2015,9200,7
60950,62.3,2015,9200,6
60951,65.6,2015,9200,9
60952,62.6,2015,9200,4
60953,78.5,2015,9201,2
60954,45.1,2015,9201,1
60955,62.1,2015,9201,8
60956,50.4,2015,9201,7
60957,64,2015,9201,9
60958,70.5,2015,9201,4
60959,72,2015,9202,2
60960,52.3,2015,9202,1
60961,59,2015,9202,8
60962,52.9,2015,9202,7
60963,50.8,2015,9202,6
60964,60.6,2015,9202,9
60965,50.9,2015,9202,4
60966,72,2015,9203,2
60967,46.4,2015,9203,1
60968,55.3,2015,9203,8
60969,72.8,2015,9203,5
60970,48.9,2015,9203,7
60971,63,2015,9203,6
60972,68.8,2015,9203,3
60973,53.6,2015,9203,9
60974,49.3,2015,9203,4
60975,71.1,2015,9204,2
60976,46.8,2015,9204,1
60977,54.7,2015,9204,8
60978,50.9,2015,9204,7
60979,70.3,2015,9204,6
60980,58.1,2015,9204,9
60981,57.1,2015,9204,4
60982,73.1,2015,9205,2
60983,45.2,2015,9205,1
60984,54.3,2015,9205,8
60985,48.7,2015,9205,7
60986,59.5,2015,9205,6
60987,62,2015,9205,9
60988,55.7,2015,9205,4
60989,62.2,2015,9206,2
60990,40.4,2015,9206,1
60991,43.5,2015,9206,8
60992,49,2015,9206,9
60993,28.4,2015,9206,3
60994,36.3,2015,9206,4
60995,68.4,2015,9207,2
60996,39.7,2015,9207,1
60997,54.5,2015,9207,8
60998,47.1,2015,9207,7
60999,69.8,2015,9207,6
61000,51.7,2015,9207,9
61001,49.2,2015,9207,4
61002,80.9,2015,9208,2
61003,52.8,2015,9208,1
61004,67.9,2015,9208,8
61005,62.8,2015,9208,5
61006,58,2015,9208,7
61007,60.7,2015,9208,6
61008,72.8,2015,9208,3
61009,73.1,2015,9208,9
61010,58.8,2015,9208,4
61011,73.5,2015,9209,2
61012,59.2,2015,9209,1
61013,61.8,2015,9209,8
61014,64.4,2015,9209,5
61015,57.2,2015,9209,7
61016,70.3,2015,9209,6
61017,49,2015,9209,11
61018,76.7,2015,9209,3
61019,59.6,2015,9209,9
61020,59.2,2015,9209,4
61021,71.1,2015,9210,2
61022,44.3,2015,9210,1
61023,62.7,2015,9210,8
61024,68.8,2015,9210,5
61025,51,2015,9210,7
61026,72.7,2015,9210,6
61027,55,2015,9210,11
61028,63.2,2015,9210,3
61029,65.5,2015,9210,9
61030,57.1,2015,9210,4
61031,57.3,2015,9210,10
61032,71.9,2015,9211,2
61033,49.2,2015,9211,1
61034,59.3,2015,9211,8
61035,55.3,2015,9211,7
61036,48.6,2015,9211,6
61037,52.8,2015,9211,9
61038,56.3,2015,9211,4
61039,69.4,2015,9212,2
61040,44.3,2015,9212,1
61041,60.6,2015,9212,8
61042,53.2,2015,9212,6
61043,60.2,2015,9212,9
61044,63.8,2015,9212,4
61045,78,2015,9213,2
61046,68,2015,9213,1
61047,63.4,2015,9213,8
61048,70.3,2015,9213,5
61049,65.4,2015,9213,7
61050,75.6,2015,9213,6
61051,73.1,2015,9213,11
61052,67.6,2015,9213,3
61053,72.2,2015,9213,9
61054,70.6,2015,9213,4
61055,64.9,2015,9214,2
61056,39.1,2015,9214,1
61057,53.4,2015,9214,8
61058,45.5,2015,9214,4
61059,44.6,2015,9214,7
61060,73.3,2015,9215,2
61061,54.5,2015,9215,1
61062,62.6,2015,9215,8
61063,59.5,2015,9215,7
61064,63.4,2015,9215,6
61065,66.2,2015,9215,9
61066,58,2015,9215,4
61067,55.3,2015,9215,10
61068,63.8,2015,9216,2
61069,43.3,2015,9216,1
61070,48.7,2015,9216,8
61071,48.4,2015,9216,7
61072,63.9,2015,9217,2
61073,43,2015,9217,1
61074,51.6,2015,9217,8
61075,50.6,2015,9217,7
61076,58,2015,9217,9
61077,59.3,2015,9217,10
61078,42.5,2015,9217,4
61079,62.9,2015,9219,2
61080,43.6,2015,9219,1
61081,49.1,2015,9219,8
61082,42.3,2015,9219,4
61083,60.9,2015,9220,2
61084,37.6,2015,9220,1
61085,53.8,2015,9220,8
61086,45.5,2015,9220,10
61087,49.7,2015,9220,9
61088,63.8,2015,9221,2
61089,35.3,2015,9221,1
61090,46.8,2015,9221,8
61091,42,2015,9221,7
61092,46.3,2015,9221,9
61093,67,2015,9222,2
61094,46.7,2015,9222,1
61095,51.1,2015,9222,8
61096,49.3,2015,9222,7
61097,46.4,2015,9222,9
61098,49.2,2015,9222,4
61099,68.7,2015,9223,2
61100,57.3,2015,9223,1
61101,56.5,2015,9223,8
61102,50.8,2015,9223,7
61103,60.2,2015,9223,9
61104,46.5,2015,9223,4
61105,69.2,2015,9224,2
61106,51.6,2015,9224,1
61107,57.9,2015,9224,8
61108,47.7,2015,9224,7
61109,59.4,2015,9224,6
61110,66.5,2015,9224,3
61111,60.3,2015,9224,9
61112,60,2015,9224,4
61113,72.8,2015,9224,10
61114,71.6,2015,9225,2
61115,34.1,2015,9225,1
61116,52.4,2015,9225,8
61117,54,2015,9225,5
61118,47.5,2015,9225,7
61119,55.5,2015,9225,6
61120,47.1,2015,9225,9
61121,50.3,2015,9225,4
61122,73.2,2015,9226,2
61123,53.4,2015,9226,1
61124,54.2,2015,9226,8
61125,55.4,2015,9226,7
61126,51,2015,9226,6
61127,58.3,2015,9226,9
61128,59.4,2015,9227,2
61129,32.3,2015,9227,1
61130,45.6,2015,9227,8
61131,41.5,2015,9227,7
61132,45.3,2015,9227,9
61133,61.5,2015,9228,2
61134,33.4,2015,9228,1
61135,47.1,2015,9228,8
61136,53.9,2015,9228,7
61137,30.8,2015,9228,6
61138,50,2015,9228,3
61139,41.2,2015,9228,9
61140,38.4,2015,9228,4
61141,66.1,2015,9229,2
61142,34.7,2015,9229,1
61143,44.8,2015,9229,8
61144,40.8,2015,9229,4
61145,48.5,2015,9229,9
61146,65,2015,9230,2
61147,36.7,2015,9230,1
61148,49.9,2015,9230,8
61149,52.2,2015,9230,9
61150,68.3,2015,9230,6
61151,65,2015,9231,2
61152,41.3,2015,9231,1
61153,43.6,2015,9231,8
61154,46.9,2015,9231,7
61155,48.8,2015,9231,9
61156,32,2015,9231,4
61157,80.5,2015,9232,2
61158,60.3,2015,9232,1
61159,65.9,2015,9232,8
61160,70.2,2015,9232,5
61161,68.4,2015,9232,7
61162,76.4,2015,9232,9
61163,66.8,2015,9232,11
61164,66.5,2015,9232,3
61165,59.2,2015,9232,4
61166,69.2,2015,9233,2
61167,50.8,2015,9233,1
61168,53.5,2015,9233,8
61169,47.5,2015,9233,7
61170,68.1,2015,9233,9
61171,52,2015,9233,4
61172,64.1,2015,9414,2
61173,40.6,2015,9414,1
61174,87.2,2015,9415,2
61175,67.3,2015,9415,1
61176,69.2,2015,9416,2
61177,43.7,2015,9416,1
61178,65.4,2015,9418,2
61179,38.4,2015,9418,1
61180,72.1,2015,9419,2
61181,39.3,2015,9419,1
61182,72.8,2015,9420,2
61183,52.8,2015,9420,1
61184,53.1,2015,9421,2
61185,28.5,2015,9421,1
61186,75.8,2015,9422,2
61187,52.4,2015,9422,1
61188,67.4,2015,9423,2
61189,35.7,2015,9423,1
61190,69.5,2015,9424,2
61191,44.5,2015,9424,1
61192,61,2015,9426,2
61193,29.6,2015,9426,1
61194,72.8,2015,9427,2
61195,43.9,2015,9427,1
61196,62,2015,9428,2
61197,33.7,2015,9428,1
61198,76.4,2015,9429,2
61199,49.8,2015,9429,1
61200,70.3,2015,9431,2
61201,45.6,2015,9431,1
61202,77.1,2015,9433,2
61203,52,2015,9433,1
61204,66.9,2015,9434,2
61205,36.4,2015,9434,1
61206,71.6,2015,9436,2
61207,60.5,2015,9436,1
61208,66.5,2015,9439,2
61209,39.4,2015,9439,1
61210,69.5,2015,9440,2
61211,41,2015,9440,1
61212,67.9,2015,9441,2
61213,38.2,2015,9441,1
61214,50.6,2015,9442,2
61215,26.1,2015,9442,1
61216,73.9,2015,9443,2
61217,49.3,2015,9443,1
61218,73,2015,9444,2
61219,49,2015,9444,1
61220,65.5,2015,9445,2
61221,34.6,2015,9445,1
61222,65.9,2015,9446,2
61223,41.2,2015,9446,1
61224,61.7,2015,9447,2
61225,28.7,2015,9447,1
61226,70.9,2015,9448,2
61227,51.4,2015,9448,1
61228,68.5,2015,9450,2
61229,45.2,2015,9450,1
61230,73.6,2015,9451,2
61231,43.5,2015,9451,1
61232,72.4,2015,9452,2
61233,44.4,2015,9452,1
61234,66.8,2015,9453,2
61235,40.6,2015,9453,1
61236,56.7,2015,9455,2
61237,48.2,2015,9455,1
61238,70.6,2015,9458,2
61239,45.3,2015,9458,1
61240,67.6,2015,9459,2
61241,42.8,2015,9459,1
61242,76.5,2015,9460,2
61243,37.7,2015,9460,1
61244,61.9,2015,9462,2
61245,40.2,2015,9462,1
61246,77,2015,9463,2
61247,52.1,2015,9463,1
61248,70.3,2015,9464,2
61249,47,2015,9464,1
61250,79.5,2015,9465,2
61251,51.6,2015,9465,1
61252,63,2015,9466,2
61253,37.2,2015,9466,1
61254,69.9,2015,9467,2
61255,40,2015,9467,1
61256,72,2015,9468,2
61257,46.4,2015,9468,1
61258,76.7,2015,9471,2
61259,39.6,2015,9471,1
61260,58,2015,9472,2
61261,32.4,2015,9472,1
61262,77.9,2015,9474,2
61263,57.2,2015,9474,1
61264,66.4,2015,9477,2
61265,38.6,2015,9477,1
61266,71.8,2015,9478,2
61267,38.3,2015,9478,1
61268,63.9,2015,9479,2
61269,34.3,2015,9479,1
61270,54.5,2015,9480,2
61271,76.5,2015,9484,2
61272,43.3,2015,9484,1
61273,72.4,2015,9485,2
61274,34.6,2015,9485,1
61275,63.04,2015,9486,2
61276,45.89,2015,9486,1
61277,55.87,2015,9486,8
61278,44.75,2015,9486,7
61279,73.17,2015,9487,2
61280,47,2015,9487,1
61281,56.25,2015,9487,8
61282,72.5,2015,9487,9
61283,64.98,2015,9488,2
61284,44.59,2015,9488,1
61285,53,2015,9488,8
61286,48.93,2015,9488,7
61287,41.6,2015,9488,6
61288,54.29,2015,9488,11
61289,72.17,2015,9488,3
61290,55.14,2015,9488,9
61291,47.6,2015,9488,4
61292,66.41,2015,9489,2
61293,41.6,2015,9489,1
61294,58.17,2015,9489,8
61295,56.71,2015,9489,7
61296,78.66,2015,9490,2
61297,57.75,2015,9490,1
61298,70.59,2015,9490,8
61299,73,2015,9490,5
61300,61.18,2015,9490,7
61301,69.38,2015,9490,6
61302,86.08,2015,9490,3
61303,77.57,2015,9490,9
61304,71.69,2015,9490,4
61305,69.07,2015,9491,2
61306,44.96,2015,9491,1
61307,57.32,2015,9491,8
61308,55,2015,9491,7
61309,67.4,2015,9491,9
61310,46.71,2015,9491,4
61311,62.41,2015,9492,2
61312,39.5,2015,9492,1
61313,52.93,2015,9492,8
61314,47.53,2015,9492,7
61315,67.4,2015,9492,9
61316,46.78,2015,9492,11
61317,51,2015,9492,4
61318,73.31,2015,9493,2
61319,49.11,2015,9493,1
61320,59.55,2015,9493,8
61321,73.33,2015,9495,2
61322,49.57,2015,9495,1
61323,61.09,2015,9495,8
61324,69.75,2015,9495,5
61325,60.13,2015,9495,7
61326,62.15,2015,9495,6
61327,46.56,2015,9495,11
61328,76.33,2015,9495,3
61329,64.11,2015,9495,9
61330,53.78,2015,9495,4
61331,66.91,2015,9496,2
61332,46.11,2015,9496,1
61333,57.58,2015,9496,8
61334,50.75,2015,9496,7
61335,57.17,2015,9496,9
61336,73.38,2015,9497,2
61337,65.24,2015,9497,1
61338,67.67,2015,9497,8
61339,71.13,2015,9497,5
61340,59.8,2015,9497,7
61341,78.6,2015,9497,6
61342,72.57,2015,9497,11
61343,74.78,2015,9497,3
61344,74.83,2015,9497,9
61345,65.78,2015,9497,4
61346,66.73,2015,9498,2
61347,51.12,2015,9498,1
61348,57.5,2015,9498,8
61349,48.33,2015,9498,7
61350,66.25,2015,9498,9
61351,71,2015,9498,3
61352,59.5,2015,9498,4
61353,62.5,2015,9499,2
61354,42.16,2015,9499,1
61355,55.86,2015,9499,8
61356,61,2015,9499,4
61357,46.63,2015,9499,7
61358,71.96,2015,9500,2
61359,52.83,2015,9500,1
61360,69.69,2015,9500,8
61361,74,2015,9500,5
61362,48.44,2015,9500,7
61363,61.33,2015,9500,6
61364,57.86,2015,9500,11
61365,71.06,2015,9500,3
61366,70.71,2015,9500,9
61367,63.84,2015,9500,4
61368,59.55,2015,9501,2
61369,41.45,2015,9501,1
61370,51.71,2015,9501,8
61371,46.8,2015,9501,7
61372,48,2015,9501,9
61373,57.89,2015,9502,2
61374,34.61,2015,9502,1
61375,55.94,2015,9502,8
61376,52.8,2015,9502,7
61377,57.75,2015,9502,9
61378,66.8,2015,9502,4
61379,69.49,2015,9505,2
61380,56.95,2015,9505,1
61381,57.21,2015,9505,8
61382,68.75,2015,9505,5
61383,59.08,2015,9505,7
61384,48.75,2015,9505,6
61385,76.4,2015,9505,3
61386,50.73,2015,9505,9
61387,47.79,2015,9505,4
61388,70.73,2015,9506,2
61389,55.72,2015,9506,1
61390,67.93,2015,9506,8
61391,53.43,2015,9506,7
61392,69.5,2015,9506,9
61393,66.6,2015,9506,4
61394,65.64,2015,9507,2
61395,44.31,2015,9507,1
61396,56.92,2015,9507,8
61397,52.45,2015,9507,4
61398,57.75,2015,9507,9
61399,65.29,2015,9508,2
61400,51.17,2015,9508,1
61401,55.08,2015,9508,8
61402,61.8,2015,9508,5
61403,55.45,2015,9508,7
61404,54.86,2015,9508,9
61405,76.43,2015,9508,11
61406,48.36,2015,9508,4
61407,67.7,2015,9509,2
61408,37.67,2015,9509,1
61409,54.18,2015,9509,8
61410,43,2015,9509,6
61411,79,2015,9509,3
61412,47,2015,9509,9
61413,54.4,2015,9509,4
61414,70.52,2015,9510,2
61415,55.06,2015,9510,1
61416,59.89,2015,9510,8
61417,59.98,2015,9510,5
61418,53.77,2015,9510,7
61419,66.48,2015,9510,6
61420,65.38,2015,9510,11
61421,77.13,2015,9510,3
61422,66.5,2015,9510,9
61423,51.05,2015,9510,4
61424,68.04,2015,9511,2
61425,56.79,2015,9511,1
61426,61.75,2015,9511,8
61427,53.75,2015,9511,7
61428,56.2,2015,9511,6
61429,58.67,2015,9511,9
61430,59.31,2015,9512,2
61431,34.18,2015,9512,1
61432,47.86,2015,9512,8
61433,44.5,2015,9512,7
61434,72.39,2015,9513,2
61435,60.39,2015,9513,1
61436,59,2015,9513,8
61437,56.5,2015,9513,7
61438,63,2015,9513,6
61439,64.33,2015,9513,11
61440,71.75,2015,9513,3
61441,52,2015,9513,9
61442,70.75,2015,9514,2
61443,39.29,2015,9514,1
61444,52.62,2015,9514,8
61445,59.25,2015,9514,5
61446,52.4,2015,9514,7
61447,60.2,2015,9514,6
61448,57.8,2015,9514,9
61449,63.21,2015,9515,2
61450,40.5,2015,9515,1
61451,44.55,2015,9515,8
61452,45.63,2015,9515,7
61453,58.4,2015,9515,9
61454,67.74,2015,9516,2
61455,49.02,2015,9516,1
61456,56.3,2015,9516,8
61457,56.57,2015,9516,5
61458,48.8,2015,9516,7
61459,51.5,2015,9516,6
61460,57,2015,9516,11
61461,65,2015,9516,3
61462,57.13,2015,9516,9
61463,48.33,2015,9516,4
61464,62.47,2015,9517,2
61465,36.74,2015,9517,1
61466,43.64,2015,9517,8
61467,48.57,2015,9517,7
61468,55.71,2015,9517,9
61469,69.68,2015,9518,2
61470,45.93,2015,9518,1
61471,54.96,2015,9518,8
61472,65.4,2015,9518,5
61473,47.3,2015,9518,7
61474,49.2,2015,9518,9
61475,50.83,2015,9518,4
61476,71.97,2015,9520,2
61477,61.64,2015,9520,1
61478,61.83,2015,9520,8
61479,72.64,2015,9520,5
61480,65.05,2015,9520,7
61481,68.28,2015,9520,6
61482,54.81,2015,9520,11
61483,74.43,2015,9520,3
61484,68.55,2015,9520,9
61485,55.68,2015,9520,4
61486,65.48,2015,9521,2
61487,42.16,2015,9521,1
61488,57.9,2015,9521,8
61489,48.4,2015,9521,7
61490,46,2015,9521,6
61491,48.43,2015,9521,9
61492,44.67,2015,9521,4
61493,71.52,2015,9522,2
61494,53,2015,9522,1
61495,54.4,2015,9522,8
61496,52.5,2015,9522,4
61497,54.92,2015,9522,7
61498,69.61,2015,9523,2
61499,47.94,2015,9523,1
61500,62.68,2015,9523,8
61501,60.13,2015,9523,5
61502,48.8,2015,9523,7
61503,58.88,2015,9523,6
61504,56.67,2015,9523,11
61505,67.2,2015,9523,3
61506,62.8,2015,9523,9
61507,48,2015,9523,4
61508,61.08,2015,9524,2
61509,43.22,2015,9524,1
61510,45.31,2015,9524,8
61511,42,2015,9524,4
61512,65.67,2015,9524,9
61513,70.1,2015,9525,2
61514,62.85,2015,9525,1
61515,61.63,2015,9525,8
61516,58.5,2015,9525,7
61517,69.57,2015,9525,6
61518,57.67,2015,9525,11
61519,70.75,2015,9525,3
61520,64.4,2015,9525,9
61521,60,2015,9525,10
61522,72.85,2015,9526,2
61523,56.75,2015,9526,1
61524,64.45,2015,9526,8
61525,46.29,2015,9526,4
61526,55.4,2015,9526,7
61527,74.86,2015,9527,2
61528,60.39,2015,9527,1
61529,67.62,2015,9527,8
61530,61.5,2015,9527,5
61531,69.57,2015,9527,7
61532,80.28,2015,9527,6
61533,60.09,2015,9527,11
61534,87.32,2015,9527,3
61535,79.59,2015,9527,9
61536,66.38,2015,9527,4
61537,65.08,2015,9528,2
61538,49.75,2015,9528,3
61539,55.8,2015,9528,1
61540,56,2015,9528,8
61541,50,2015,9528,4
61542,68.35,2015,9529,2
61543,46.25,2015,9529,1
61544,67.6,2015,9529,8
61545,51.4,2015,9529,7
61546,50,2015,9529,6
61547,48.8,2015,9529,9
61548,74,2015,9529,4
61549,68.94,2015,9530,2
61550,54.22,2015,9530,1
61551,56.5,2015,9530,8
61552,57.9,2015,9530,7
61553,49.5,2015,9530,6
61554,57.6,2015,9530,9
61555,52.75,2015,9530,4
61556,70.9,2015,9531,2
61557,50.95,2015,9531,1
61558,68.64,2015,9531,8
61559,68.33,2015,9531,9
61560,61.25,2015,9531,6
61561,66.71,2015,9532,2
61562,55.25,2015,9532,1
61563,56.6,2015,9532,8
61564,51.67,2015,9532,4
61565,63.3,2015,9532,7
61566,69.81,2015,9533,2
61567,34.7,2015,9533,1
61568,49.88,2015,9533,8
61569,43.25,2015,9533,7
61570,58,2015,9533,9
61571,71.79,2015,9534,2
61572,37.36,2015,9534,1
61573,53.54,2015,9534,8
61574,44.75,2015,9534,9
61575,68.77,2015,9535,2
61576,47.42,2015,9535,1
61577,57.12,2015,9535,8
61578,58.94,2015,9535,7
61579,69,2015,9535,6
61580,68.33,2015,9535,11
61581,63.17,2015,9535,3
61582,58.85,2015,9535,9
61583,54.86,2015,9535,4
61584,63.46,2015,9536,2
61585,40.97,2015,9536,1
61586,52.33,2015,9536,8
61587,51.4,2015,9536,5
61588,44.17,2015,9536,7
61589,32.43,2015,9536,6
61590,54,2015,9536,11
61591,44,2015,9536,9
61592,37.6,2015,9536,4
61593,70.37,2015,9537,2
61594,51,2015,9537,1
61595,55.69,2015,9537,8
61596,45,2015,9537,5
61597,55.29,2015,9537,7
61598,53.71,2015,9537,9
61599,56.25,2015,9537,3
61600,65.62,2015,9538,2
61601,48.04,2015,9538,1
61602,48.93,2015,9538,8
61603,44.64,2015,9538,7
61604,62.5,2015,9538,6
61605,61,2015,9538,9
61606,51.2,2015,9538,4
61607,63.33,2015,9539,2
61608,28.22,2015,9539,1
61609,49.69,2015,9539,8
61610,53.5,2015,9539,9
61611,32.67,2015,9539,11
61612,41.44,2015,9539,4
61613,69.29,2015,9540,2
61614,42.25,2015,9540,1
61615,53.34,2015,9540,8
61616,63.57,2015,9540,5
61617,50.33,2015,9540,7
61618,64.88,2015,9540,6
61619,57.5,2015,9540,3
61620,58,2015,9540,9
61621,47.31,2015,9540,4
61622,63.73,2015,9541,2
61623,40.11,2015,9541,1
61624,52.67,2015,9541,8
61625,70.58,2015,9542,2
61626,38.72,2015,9542,1
61627,54.19,2015,9542,8
61628,51.5,2015,9542,6
61629,63.33,2015,9542,9
61630,59,2015,9542,4
61631,76.91,2015,9543,2
61632,46.34,2015,9543,1
61633,61.19,2015,9543,8
61634,58.55,2015,9543,4
61635,58.8,2015,9543,7
61636,73.75,2015,9544,2
61637,39.51,2015,9544,1
61638,53.52,2015,9544,8
61639,55.88,2015,9544,7
61640,58.38,2015,9544,6
61641,56.18,2015,9544,11
61642,59.47,2015,9544,9
61643,41,2015,9544,4
61644,58.5,2015,9545,2
61645,27.08,2015,9545,1
61646,46.83,2015,9545,8
61647,43.5,2015,9545,7
61648,69.13,2015,9547,2
61649,42.11,2015,9547,1
61650,51.38,2015,9547,8
61651,55,2015,9547,4
61652,40.17,2015,9547,7
61653,81.12,2015,9548,2
61654,49.82,2015,9548,1
61655,63.04,2015,9548,8
61656,67,2015,9548,5
61657,67.67,2015,9548,7
61658,72.25,2015,9548,6
61659,58,2015,9548,11
61660,84.5,2015,9548,3
61661,66.67,2015,9548,9
61662,52.5,2015,9548,4
61663,63.77,2015,9549,2
61664,44.8,2015,9549,1
61665,50.95,2015,9549,8
61666,40.75,2015,9549,7
61667,35.2,2015,9549,9
61668,46.17,2015,9549,4
61669,70.32,2015,9550,2
61670,47.1,2015,9550,1
61671,56.85,2015,9550,8
61672,57,2015,9550,7
61673,74,2015,9551,2
61674,49,2015,9551,1
61675,65.18,2015,9551,8
61676,54.78,2015,9551,7
61677,59.6,2015,9551,9
61678,61.75,2015,9551,4
61679,84.85,2015,9552,2
61680,66.74,2015,9552,1
61681,67.07,2015,9552,8
61682,68.6,2015,9552,5
61683,71.12,2015,9552,7
61684,71.42,2015,9552,6
61685,75.83,2015,9552,11
61686,76.61,2015,9552,3
61687,70.26,2015,9552,9
61688,69.56,2015,9552,4
61689,75.88,2015,9553,2
61690,41.21,2015,9553,1
61691,61.76,2015,9553,8
61692,55.17,2015,9553,7
61693,53.6,2015,9553,9
61694,62,2015,9553,4
61695,70.98,2015,9554,2
61696,45.6,2015,9554,1
61697,59.17,2015,9554,8
61698,50.17,2015,9554,7
61699,66.8,2015,9554,6
61700,69.5,2015,9554,3
61701,65,2015,9554,9
61702,55.8,2015,9554,4
61703,69.92,2015,9555,2
61704,30.2,2015,9555,1
61705,50.86,2015,9555,8
61706,47.75,2015,9555,7
61707,50.5,2015,9555,9
61708,44.71,2015,9555,4
61709,65,2015,9556,2
61710,45.7,2015,9556,1
61711,54,2015,9556,8
61712,50,2015,9556,4
61713,49.43,2015,9556,7
61714,60.82,2015,9557,2
61715,32.86,2015,9557,1
61716,49.87,2015,9557,8
61717,39.25,2015,9557,6
61718,51.4,2015,9557,9
61719,47.6,2015,9557,4
61720,67.13,2015,9558,2
61721,30.07,2015,9558,1
61722,51.92,2015,9558,8
61723,71.12,2015,9559,2
61724,44,2015,9559,1
61725,51.06,2015,9559,8
61726,55,2015,9559,7
61727,59,2015,9559,9
61728,88.12,2015,9560,2
61729,86.88,2015,9560,1
61730,67.38,2015,9560,8
61731,82.89,2015,9560,7
61732,84.79,2015,9560,11
61733,77.38,2015,9560,3
61734,51.31,2015,9561,2
61735,21.45,2015,9561,1
61736,36.46,2015,9561,8
61737,35.25,2015,9561,7
61738,71.58,2015,9562,2
61739,35.43,2015,9562,1
61740,53.46,2015,9562,8
61741,53.1,2015,9562,7
61742,59.29,2015,9562,9
61743,62,2015,9562,3
61744,51.8,2015,9562,4
61745,69.46,2015,9563,2
61746,38.7,2015,9563,1
61747,57.83,2015,9563,8
61748,50.5,2015,9563,7
61749,49.6,2015,9563,6
61750,56,2015,9563,9
61751,77.68,2015,9564,2
61752,55.59,2015,9564,1
61753,56.9,2015,9564,8
61754,62,2015,9564,7
61755,62.84,2015,9565,2
61756,41.71,2015,9565,1
61757,49.57,2015,9565,8
61758,52.5,2015,9565,4
61759,47.4,2015,9565,9
61760,71.76,2015,9566,2
61761,44.78,2015,9566,1
61762,58.63,2015,9566,8
61763,62,2015,9566,5
61764,50.83,2015,9566,7
61765,54.17,2015,9566,9
61766,45.86,2015,9566,4
61767,57.86,2015,9567,2
61768,33.2,2015,9567,1
61769,42,2015,9567,8
61770,83.07,2015,9568,2
61771,54.98,2015,9568,1
61772,65.61,2015,9568,8
61773,47.78,2015,9568,7
61774,72,2015,9568,6
61775,79.5,2015,9568,3
61776,83.8,2015,9568,9
61777,62.92,2015,9568,4
61778,68.42,2015,9569,2
61779,57.29,2015,9569,1
61780,56.33,2015,9569,8
61781,64.25,2015,9569,7
61782,58.25,2015,9569,11
61783,48.6,2015,9569,4
61784,60.45,2015,9570,2
61785,53.2,2015,9570,1
61786,49.17,2015,9570,8
61787,76.27,2015,9571,2
61788,51.14,2015,9571,1
61789,61.13,2015,9571,8
61790,59.1,2015,9571,7
61791,69.25,2015,9571,6
61792,62.6,2015,9571,9
61793,52,2015,9571,4
61794,69.51,2015,9572,2
61795,44.11,2015,9572,1
61796,56,2015,9572,8
61797,54.67,2015,9572,7
61798,54.25,2015,9572,6
61799,52.33,2015,9572,3
61800,43.93,2015,9572,9
61801,45,2015,9572,4
61802,72.96,2015,9573,2
61803,54.48,2015,9573,1
61804,58.56,2015,9573,8
61805,53.57,2015,9573,7
61806,47.75,2015,9573,9
61807,55.5,2015,9573,11
61808,47.75,2015,9573,4
61809,65.23,2015,9574,2
61810,37.27,2015,9574,1
61811,51.5,2015,9574,8
61812,67.25,2015,9574,9
61813,55,2015,9574,6
61814,61.58,2015,9575,2
61815,39,2015,9575,1
61816,45.75,2015,9575,8
61817,37.86,2015,9575,4
61818,40.75,2015,9575,9
61819,65.53,2015,9576,2
61820,32.83,2015,9576,1
61821,50.76,2015,9576,8
61822,43.4,2015,9576,7
61823,46.85,2015,9576,9
61824,38.5,2015,9576,4
61825,67.93,2015,9577,2
61826,41,2015,9577,1
61827,50.76,2015,9577,8
61828,50.5,2015,9577,7
61829,48,2015,9577,9
61830,49.63,2015,9577,4
61831,74.98,2015,9578,2
61832,56.09,2015,9578,1
61833,61.93,2015,9578,8
61834,64.25,2015,9578,5
61835,63.6,2015,9578,7
61836,72.46,2015,9578,6
61837,61.8,2015,9578,11
61838,67.15,2015,9578,9
61839,59.13,2015,9578,4
61840,71.84,2015,9579,2
61841,39.23,2015,9579,1
61842,55.21,2015,9579,8
61843,54.82,2015,9579,7
61844,55.6,2015,9579,6
61845,50.75,2015,9579,11
61846,51.93,2015,9579,9
61847,65.17,2015,9579,4
61848,69.41,2015,9580,2
61849,46.64,2015,9580,1
61850,53.04,2015,9580,8
61851,54.5,2015,9580,5
61852,48.67,2015,9580,7
61853,52.17,2015,9580,4
61854,73.2,2015,9581,2
61855,48.3,2015,9581,1
61856,51.82,2015,9581,8
61857,54.33,2015,9581,7
61858,50.25,2015,9581,9
61859,69.2,2015,9581,11
61860,38.8,2015,9581,4
61861,73.48,2015,9582,2
61862,49.34,2015,9582,1
61863,60.85,2015,9582,8
61864,62.59,2015,9582,7
61865,57.5,2015,9582,9
61866,53.25,2015,9582,11
61867,57.2,2015,9582,3
61868,61.38,2015,9582,4
61869,54.73,2015,9583,2
61870,42.75,2015,9583,1
61871,43.56,2015,9583,8
61872,63.4,2015,9584,2
61873,42.52,2015,9584,1
61874,52.29,2015,9584,8
61875,48.35,2015,9584,7
61876,54,2015,9584,6
61877,59.73,2015,9584,11
61878,73,2015,9584,3
61879,48,2015,9584,9
61880,41.55,2015,9584,4
61881,75.52,2015,9585,2
61882,47.24,2015,9585,1
61883,52.89,2015,9585,8
61884,45.57,2015,9585,4
61885,63.75,2015,9585,7
61886,77.64,2015,9587,2
61887,58.17,2015,9587,1
61888,60.49,2015,9587,8
61889,62.75,2015,9587,5
61890,58.37,2015,9587,7
61891,65.9,2015,9587,6
61892,73.56,2015,9587,11
61893,61.5,2015,9587,3
61894,70.24,2015,9587,9
61895,58.33,2015,9587,4
61896,67.59,2015,9588,2
61897,47.03,2015,9588,1
61898,46.77,2015,9588,8
61899,48.5,2015,9588,7
61900,40.9,2015,9588,9
61901,34.71,2015,9588,11
61902,49.5,2015,9588,3
61903,42.63,2015,9588,4
61904,74.24,2015,9589,2
61905,49.47,2015,9589,1
61906,54.94,2015,9589,8
61907,58,2015,9589,5
61908,66.5,2015,9589,7
61909,56,2015,9589,9
61910,46,2015,9589,4
61911,64.64,2015,9590,2
61912,26.56,2015,9590,1
61913,57.13,2015,9590,8
61914,67.55,2015,9591,2
61915,34.21,2015,9591,1
61916,57.69,2015,9591,8
61917,51.17,2015,9591,7
61918,67.71,2015,9591,9
61919,64.75,2015,9592,2
61920,40.75,2015,9592,1
61921,51.4,2015,9592,8
61922,77.37,2015,9593,2
61923,51.44,2015,9593,1
61924,59.72,2015,9593,8
61925,61.58,2015,9593,5
61926,61.91,2015,9593,7
61927,59.5,2015,9593,6
61928,44.6,2015,9593,11
61929,82.75,2015,9593,3
61930,68.2,2015,9593,9
61931,60.17,2015,9593,4
61932,75.23,2015,9594,2
61933,61.61,2015,9594,1
61934,58.88,2015,9594,8
61935,56.63,2015,9594,7
61936,64.83,2015,9594,6
61937,60.38,2015,9594,11
61938,56,2015,9594,3
61939,61.8,2015,9594,9
61940,53.22,2015,9594,4
61941,75.47,2015,9595,2
61942,53.28,2015,9595,1
61943,65,2015,9595,8
61944,69.25,2015,9595,5
61945,70,2015,9595,7
61946,62.6,2015,9595,6
61947,77.17,2015,9595,3
61948,66.43,2015,9595,9
61949,67.83,2015,9595,4
61950,72.09,2015,9596,2
61951,38,2015,9596,1
61952,55.91,2015,9596,8
61953,49.43,2015,9596,4
61954,78.08,2015,9597,2
61955,49.63,2015,9597,1
61956,60.56,2015,9597,8
61957,69.91,2015,9597,5
61958,57.36,2015,9597,7
61959,55.29,2015,9597,9
61960,59.29,2015,9597,11
61961,70.06,2015,9597,3
61962,59.06,2015,9597,4
61963,75.76,2015,9598,2
61964,41.52,2015,9598,1
61965,61.29,2015,9598,8
61966,53.27,2015,9598,4
61967,47,2015,9598,7
61968,61.83,2015,9599,2
61969,29.4,2015,9599,1
61970,53.13,2015,9599,8
61971,41,2015,9599,7
61972,43.4,2015,9599,9
61973,80.07,2015,9600,2
61974,51.54,2015,9600,1
61975,70.2,2015,9600,8
61976,61.8,2015,9600,7
61977,52.33,2015,9600,9
61978,72.65,2015,9601,2
61979,36.22,2015,9601,1
61980,54.87,2015,9601,8
61981,71.16,2015,9603,2
61982,56.43,2015,9603,1
61983,54.79,2015,9603,8
61984,59.2,2015,9603,9
61985,64.46,2015,9604,2
61986,35.85,2015,9604,1
61987,46.82,2015,9604,8
61988,37,2015,9604,4
61989,38.71,2015,9604,9
61990,67.75,2015,9605,2
61991,43.1,2015,9605,1
61992,57,2015,9605,8
61993,47,2015,9605,7
61994,65.67,2015,9605,6
61995,58.7,2015,9605,9
61996,80.12,2015,9607,2
61997,42.5,2015,9607,1
61998,57.39,2015,9607,8
61999,63.75,2015,9607,5
62000,54.78,2015,9607,7
62001,67.4,2015,9607,6
62002,71.25,2015,9607,11
62003,64.8,2015,9607,9
62004,53.31,2015,9607,4
62005,64.12,2015,9608,2
62006,34.36,2015,9608,1
62007,46.43,2015,9608,8
62008,44.6,2015,9608,7
62009,46.6,2015,9608,9
62010,44.25,2015,9608,3
62011,68.19,2015,9609,2
62012,47.25,2015,9609,1
62013,57.2,2015,9609,8
62014,46.71,2015,9609,7
62015,69.72,2015,9610,2
62016,45.14,2015,9610,1
62017,53.5,2015,9610,8
62018,66.69,2015,9611,2
62019,41.33,2015,9611,1
62020,56.73,2015,9611,8
62021,53.4,2015,9611,9
62022,75.63,2015,9612,2
62023,57.53,2015,9612,1
62024,63.1,2015,9612,8
62025,57.56,2015,9612,5
62026,54.47,2015,9612,7
62027,59.86,2015,9612,6
62028,65.2,2015,9612,11
62029,78.25,2015,9612,3
62030,58.4,2015,9612,9
62031,61.83,2015,9612,4
62032,74.78,2015,9614,2
62033,68,2015,9614,11
62034,48.79,2015,9614,1
62035,50.15,2015,9614,8
62036,48.6,2015,9614,7
62037,71.25,2015,9615,2
62038,28.6,2015,9615,1
62039,52.88,2015,9615,8
62040,70.65,2015,9616,2
62041,49,2015,9616,1
62042,53.04,2015,9616,8
62043,61.44,2015,9616,7
62044,55.57,2015,9616,9
62045,64.7,2015,9616,11
62046,61.75,2015,9616,3
62047,85.82,2015,9618,2
62048,52.11,2015,9618,1
62049,63.53,2015,9618,8
62050,61,2015,9618,5
62051,73.8,2015,9618,6
62052,77.5,2015,9618,3
62053,82.64,2015,9618,9
62054,59.25,2015,9618,4
62055,64.3,2015,9619,2
62056,40.63,2015,9619,1
62057,49.88,2015,9619,8
62058,51.25,2015,9619,5
62059,32.43,2015,9619,4
62060,69.19,2015,9620,2
62061,46.8,2015,9620,1
62062,55.96,2015,9620,8
62063,53.88,2015,9620,7
62064,69.2,2015,9620,6
62065,41,2015,9620,3
62066,50.1,2015,9620,9
62067,51.8,2015,9620,4
62068,68.27,2015,9621,2
62069,33,2015,9621,1
62070,52.7,2015,9621,8
62071,53.75,2015,9621,5
62072,48.2,2015,9621,7
62073,66.75,2015,9621,3
62074,48.83,2015,9621,4
62075,70.8,2015,9622,2
62076,44.87,2015,9622,1
62077,50.46,2015,9622,8
62078,46.69,2015,9622,7
62079,67.25,2015,9622,6
62080,56.86,2015,9622,9
62081,74.78,2015,9623,2
62082,56.06,2015,9623,1
62083,67,2015,9623,8
62084,60.86,2015,9623,7
62085,69.73,2015,9623,6
62086,67.38,2015,9623,9
62087,70.74,2015,9625,2
62088,56.22,2015,9625,1
62089,51.13,2015,9625,8
62090,50.33,2015,9625,4
62091,59.17,2015,9625,7
62092,77.65,2015,9626,2
62093,45.7,2015,9626,1
62094,58.15,2015,9626,8
62095,61.5,2015,9626,5
62096,59.33,2015,9626,7
62097,70,2015,9626,6
62098,59.6,2015,9626,9
62099,48.5,2015,9626,4
62100,61.55,2015,9627,2
62101,45.73,2015,9627,1
62102,48.7,2015,9627,8
62103,49.25,2015,9627,7
62104,53.3,2015,9627,9
62105,63.96,2015,9628,2
62106,42.82,2015,9628,1
62107,47.75,2015,9628,8
62108,44,2015,9628,9
62109,80.93,2015,9629,2
62110,50.24,2015,9629,1
62111,64.31,2015,9629,8
62112,64.57,2015,9629,7
62113,57.93,2015,9630,2
62114,54.33,2015,9630,1
62115,75.83,2015,9631,2
62116,55,2015,9631,1
62117,56.88,2015,9631,8
62118,67.4,2015,9631,5
62119,62.81,2015,9631,7
62120,71.59,2015,9631,6
62121,55.2,2015,9631,11
62122,74.43,2015,9631,3
62123,68.43,2015,9631,9
62124,54.1,2015,9631,4
62125,70.73,2015,9632,2
62126,54.08,2015,9632,1
62127,56.04,2015,9632,8
62128,52.86,2015,9632,7
62129,44,2015,9632,9
62130,76.23,2015,9633,2
62131,44.25,2015,9633,1
62132,55.02,2015,9633,8
62133,59,2015,9633,5
62134,58.69,2015,9633,7
62135,64.11,2015,9633,6
62136,55.88,2015,9633,11
62137,63.29,2015,9633,3
62138,58.62,2015,9633,9
62139,47.69,2015,9633,4
62140,60.5,2015,9634,2
62141,35.95,2015,9634,1
62142,51,2015,9634,8
62143,44.2,2015,9634,4
62144,81.89,2015,9635,2
62145,52.31,2015,9635,1
62146,61.68,2015,9635,8
62147,68.25,2015,9635,5
62148,56.13,2015,9635,7
62149,72.43,2015,9635,6
62150,70.5,2015,9635,11
62151,72.36,2015,9635,3
62152,73.1,2015,9635,9
62153,57.3,2015,9635,4
62154,64.14,2015,9636,2
62155,33.38,2015,9636,1
62156,61,2015,9636,8
62157,42.25,2015,9636,7
62158,54.6,2015,9636,9
62159,48.6,2015,9636,4
62160,72.65,2015,9637,2
62161,67.25,2015,9637,11
62162,48.73,2015,9637,1
62163,52,2015,9637,8
62164,51,2015,9637,9
62165,75.49,2015,9639,2
62166,57,2015,9639,1
62167,60.95,2015,9639,8
62168,67.14,2015,9639,7
62169,56.33,2015,9639,9
62170,73.89,2015,9639,11
62171,79.75,2015,9639,3
62172,63.43,2015,9639,4
62173,71.97,2015,9640,2
62174,54.63,2015,9640,1
62175,62.66,2015,9640,8
62176,61.77,2015,9640,7
62177,66.63,2015,9640,6
62178,56.67,2015,9640,11
62179,58.28,2015,9640,9
62180,60.08,2015,9640,4
62181,82.5,2015,9641,2
62182,53.17,2015,9641,1
62183,63.06,2015,9641,8
62184,71.5,2015,9641,5
62185,71.33,2015,9641,3
62186,64.8,2015,9641,4
62187,67.9,2015,9643,2
62188,41.43,2015,9643,1
62189,56.39,2015,9643,8
62190,44.54,2015,9643,7
62191,47,2015,9643,9
62192,68.11,2015,9643,11
62193,58.17,2015,9643,4
62194,68.38,2015,9644,2
62195,45.64,2015,9644,1
62196,55.95,2015,9644,8
62197,54.63,2015,9644,7
62198,75.91,2015,9645,2
62199,52,2015,9645,1
62200,58.5,2015,9645,8
62201,58.79,2015,9645,7
62202,64.5,2015,9645,9
62203,58.75,2015,9645,11
62204,85.11,2015,9646,2
62205,56.47,2015,9646,1
62206,63.17,2015,9646,8
62207,68.67,2015,9646,5
62208,55.38,2015,9646,7
62209,75.75,2015,9646,6
62210,66.23,2015,9646,11
62211,78.57,2015,9646,3
62212,81.25,2015,9646,9
62213,55.63,2015,9646,4
62214,77.15,2015,9647,2
62215,57.55,2015,9647,1
62216,61.42,2015,9647,8
62217,62,2015,9647,5
62218,64.39,2015,9647,7
62219,67.42,2015,9647,6
62220,56.81,2015,9647,11
62221,74.93,2015,9647,3
62222,69.95,2015,9647,9
62223,64.57,2015,9647,4
62224,67.07,2015,9648,2
62225,43.9,2015,9648,1
62226,55.88,2015,9648,8
62227,55.56,2015,9648,7
62228,81.45,2015,9649,2
62229,68.75,2015,9649,1
62230,61.1,2015,9649,8
62231,82.36,2015,9649,7
62232,72.4,2015,9649,6
62233,72.18,2015,9649,11
62234,68.2,2015,9649,3
62235,71,2015,9649,9
62236,78.9,2015,9650,2
62237,65.58,2015,9650,1
62238,65.55,2015,9650,8
62239,60.5,2015,9650,7
62240,70.43,2015,9650,6
62241,69,2015,9650,11
62242,62.38,2015,9650,9
62243,62,2015,9650,4
62244,71.58,2015,9651,2
62245,47.27,2015,9651,1
62246,56.16,2015,9651,8
62247,57,2015,9651,7
62248,68.25,2015,9651,3
62249,49,2015,9651,4
62250,73.42,2015,9652,2
62251,44.17,2015,9652,1
62252,62.23,2015,9652,8
62253,66,2015,9652,7
62254,71,2015,9652,6
62255,63.18,2015,9652,9
62256,63.33,2015,9652,4
62257,58.3,2015,10043,2
62258,28.7,2015,10043,1
62259,65.3,2015,10044,2
62260,52.4,2015,10044,1
62261,72.9,2015,10045,2
62262,48.5,2015,10045,1
62263,73.4,2015,10046,2
62264,43.5,2015,10046,1
62265,73.9,2015,10047,2
62266,52.9,2015,10047,1
62267,75.8,2015,10048,2
62268,38.6,2015,10048,1
62269,66.6,2015,10049,2
62270,38.4,2015,10049,1
62271,66.5,2015,10051,2
62272,33.5,2015,10051,1
62273,80.3,2015,10052,2
62274,68,2015,10052,1
62275,69,2015,10053,2
62276,38.4,2015,10053,1
62277,62.3,2015,10054,2
62278,32.6,2015,10054,1
62279,77.4,2015,10055,2
62280,43.7,2015,10055,1
62281,65.3,2015,10056,2
62282,35.8,2015,10056,1
62283,72.3,2015,10057,2
62284,50.1,2015,10057,1
62285,77.3,2015,10058,2
62286,51.1,2015,10058,1
62287,74.6,2015,10059,2
62288,44,2015,10059,1
62289,66.3,2015,10061,2
62290,35.8,2015,10061,1
62291,79.3,2015,10065,2
62292,46.9,2015,10065,1
62293,62.2,2015,10066,2
62294,31,2015,10066,1
62295,59.8,2015,10068,2
62296,35.6,2015,10068,1
62297,80.6,2015,10069,2
62298,56.8,2015,10069,1
62299,74.9,2015,10070,2
62300,63.7,2015,10070,1
62301,57.2,2015,10071,2
62302,25.9,2015,10071,1
62303,70.4,2015,10073,2
62304,38.6,2015,10073,1
62305,78.1,2015,10074,2
62306,44.4,2015,10074,1
62307,71.4,2015,10075,2
62308,41.8,2015,10075,1
62309,74.9,2015,10076,2
62310,46.5,2015,10076,1
62311,70.9,2015,10077,2
62312,43.8,2015,10077,1
62313,75.1,2015,10078,2
62314,45.3,2015,10078,1
62315,79.2,2015,10080,2
62316,50.6,2015,10080,1
62317,65.2,2015,10081,2
62318,30.5,2015,10081,1
62319,76.6,2015,10082,2
62320,58.4,2015,10082,1
62321,74.8,2015,10084,2
62322,45.7,2015,10084,1
62323,71,2015,10085,2
62324,38.9,2015,10085,1
62325,67.3,2015,10086,2
62326,36.6,2015,10086,1
62327,68.1,2015,10087,2
62328,50.8,2015,10087,1
62329,83.3,2015,10090,2
62330,71.1,2015,10090,1
62331,62.2,2015,10091,2
62332,38.1,2015,10091,1
62333,69.3,2015,10092,2
62334,50.6,2015,10092,1
62335,66.9,2015,10093,2
62336,35.4,2015,10093,1
62337,65,2015,10095,2
62338,35.2,2015,10095,1
62339,86.6,2015,10096,2
62340,65.9,2015,10096,1
62341,63.6,2015,10097,2
62342,31.2,2015,10097,1
62343,62.9,2015,10099,2
62344,27.1,2015,10099,1
62345,67.1,2015,10100,2
62346,32.4,2015,10100,1
62347,73.8,2015,10101,2
62348,34,2015,10101,1
62349,70.5,2015,10102,2
62350,46,2015,10102,1
62351,75.4,2015,10103,2
62352,53.7,2015,10103,1
62353,65.3,2015,10106,2
62354,39.2,2015,10106,1
62355,65.4,2015,10107,2
62356,34.4,2015,10107,1
62357,66.2,2015,10108,2
62358,42.1,2015,10108,1
62359,70.3,2015,10109,2
62360,47.3,2015,10109,1
62361,67.1,2015,10110,2
62362,34.9,2015,10110,1
62363,62.4,2015,10111,2
62364,40.8,2015,10111,1
62365,54.1,2015,10112,2
62366,25.8,2015,10112,1
62367,80.7,2015,10113,2
62368,56.8,2015,10113,1
62369,68.8,2015,10114,2
62370,38,2015,10114,1
62371,60.1,2015,10115,2
62372,27.9,2015,10115,1
62373,65,2015,10116,2
62374,31.5,2015,10116,1
62375,84.14,2015,10119,2
62376,66.65,2015,10119,1
62377,74.68,2015,10119,8
62378,73.75,2015,10119,7
62379,76.17,2015,10119,6
62380,64.14,2015,10119,11
62381,71.75,2015,10119,3
62382,67.83,2015,10119,9
62383,50.5,2015,10119,4
62384,84.74,2015,10120,2
62385,77.34,2015,10120,1
62386,72.29,2015,10120,8
62387,78.72,2015,10120,7
62388,71.17,2015,10120,6
62389,74.76,2015,10120,11
62390,75.92,2015,10120,3
62391,73.4,2015,10120,9
62392,62.8,2015,10121,2
62393,36.67,2015,10121,1
62394,50.63,2015,10121,8
62395,45.75,2015,10121,9
62396,75.08,2015,10122,2
62397,55.6,2015,10122,1
62398,64.77,2015,10122,8
62399,50,2015,10122,7
62400,57.8,2015,10122,6
62401,59.2,2015,10122,9
62402,45.83,2015,10122,4
62403,70.47,2015,10123,2
62404,42.46,2015,10123,1
62405,62.38,2015,10123,8
62406,46.25,2015,10123,7
62407,52.4,2015,10123,6
62408,46.25,2015,10123,3
62409,53.6,2015,10123,9
62410,56.33,2015,10123,4
62411,77.81,2015,10125,2
62412,56.08,2015,10125,1
62413,72,2015,10125,8
62414,54.43,2015,10125,7
62415,73.1,2015,10125,6
62416,50.25,2015,10125,11
62417,77.8,2015,10125,3
62418,75.4,2015,10125,9
62419,57.81,2015,10125,4
62420,70.32,2015,10126,2
62421,48.72,2015,10126,1
62422,57.35,2015,10126,8
62423,49.22,2015,10126,7
62424,49.5,2015,10126,3
62425,50.75,2015,10126,4
62426,73.48,2015,10127,2
62427,53.38,2015,10127,1
62428,59.46,2015,10127,8
62429,59.13,2015,10127,7
62430,46.8,2015,10127,6
62431,53.5,2015,10127,11
62432,66.25,2015,10127,3
62433,55,2015,10127,9
62434,65.35,2015,10128,2
62435,45.86,2015,10128,1
62436,54,2015,10128,8
62437,55.11,2015,10128,9
62438,49.25,2015,10128,6
62439,61.07,2015,10129,2
62440,41.17,2015,10129,1
62441,47.23,2015,10129,8
62442,42,2015,10129,7
62443,45.4,2015,10129,9
62444,38,2015,10129,4
62445,79.66,2015,10130,2
62446,63.77,2015,10130,1
62447,73.25,2015,10130,8
62448,75.1,2015,10130,5
62449,71.26,2015,10130,7
62450,75.5,2015,10130,6
62451,63.73,2015,10130,11
62452,76.31,2015,10130,3
62453,72.67,2015,10130,9
62454,71,2015,10130,4
62455,61.38,2015,10131,2
62456,37.85,2015,10131,1
62457,47.5,2015,10131,8
62458,48.75,2015,10131,7
62459,51,2015,10131,6
62460,42.8,2015,10131,9
62461,65.2,2015,10132,2
62462,53.5,2015,10132,1
62463,57.83,2015,10132,8
62464,54.47,2015,10132,4
62465,43,2015,10132,7
62466,72.31,2015,10133,2
62467,45.48,2015,10133,1
62468,59.95,2015,10133,8
62469,50.4,2015,10133,7
62470,62,2015,10133,3
62471,68.67,2015,10133,4
62472,74.15,2015,10134,2
62473,53.15,2015,10134,1
62474,61.35,2015,10134,8
62475,60.8,2015,10134,7
62476,53.44,2015,10134,6
62477,72.6,2015,10134,3
62478,55.6,2015,10134,9
62479,63.86,2015,10134,4
62480,73.46,2015,10135,2
62481,54.75,2015,10135,11
62482,60.8,2015,10135,1
62483,60,2015,10135,8
62484,74.07,2015,10135,7
62485,69.9,2015,10136,2
62486,50,2015,10136,1
62487,52.31,2015,10136,8
62488,52.9,2015,10136,7
62489,59.2,2015,10136,6
62490,54.25,2015,10136,9
62491,74.79,2015,10137,2
62492,55.85,2015,10137,1
62493,58.8,2015,10137,8
62494,61.5,2015,10137,5
62495,66.25,2015,10137,7
62496,74,2015,10137,6
62497,75.38,2015,10137,11
62498,79.25,2015,10137,9
62499,63.16,2015,10138,2
62500,46.57,2015,10138,1
62501,52.17,2015,10138,8
62502,53.25,2015,10138,7
62503,61.77,2015,10139,2
62504,50.77,2015,10139,1
62505,51.67,2015,10139,8
62506,40.63,2015,10139,4
62507,49,2015,10139,7
62508,75.21,2015,10140,2
62509,62.92,2015,10140,1
62510,60.19,2015,10140,8
62511,38.83,2015,10140,4
62512,57.5,2015,10140,7
62513,59.39,2015,10141,2
62514,46.89,2015,10141,1
62515,48.36,2015,10141,8
62516,28.17,2015,10141,4
62517,77.94,2015,10142,2
62518,59.61,2015,10142,1
62519,68.36,2015,10142,8
62520,64,2015,10142,7
62521,72,2015,10142,6
62522,76.5,2015,10142,11
62523,75.71,2015,10142,3
62524,64.6,2015,10142,9
62525,60.09,2015,10142,4
62526,81.25,2015,10142,10
62527,68.22,2015,10143,2
62528,52.06,2015,10143,1
62529,51.86,2015,10143,8
62530,48.33,2015,10143,7
62531,53.75,2015,10143,6
62532,58.78,2015,10143,9
62533,71,2015,10144,2
62534,51.33,2015,10144,1
62535,61,2015,10144,8
62536,51.5,2015,10144,9
62537,39.25,2015,10144,3
62538,51.25,2015,10144,6
62539,66.82,2015,10145,2
62540,45.43,2015,10145,1
62541,59.19,2015,10145,8
62542,53.8,2015,10145,5
62543,43.25,2015,10145,6
62544,54,2015,10145,9
62545,50.33,2015,10145,4
62546,59.29,2015,10146,2
62547,35.38,2015,10146,1
62548,48.53,2015,10146,8
62549,38.29,2015,10146,7
62550,81.56,2015,10147,2
62551,66.05,2015,10147,1
62552,73,2015,10147,8
62553,68.75,2015,10147,5
62554,72.89,2015,10147,7
62555,69,2015,10147,6
62556,70.5,2015,10147,11
62557,71.89,2015,10147,3
62558,65.5,2015,10147,9
62559,70.89,2015,10147,4
62560,65.85,2015,10148,2
62561,47.3,2015,10148,1
62562,57.9,2015,10148,8
62563,53,2015,10148,4
62564,46.25,2015,10148,9
62565,54.5,2015,10149,2
62566,34,2015,10149,1
62567,48.88,2015,10149,8
62568,49.5,2015,10149,9
62569,61.17,2015,10151,2
62570,33.5,2015,10151,1
62571,53.33,2015,10151,8
62572,58.53,2015,10152,2
62573,39.8,2015,10152,1
62574,46.93,2015,10152,8
62575,50.2,2015,10152,5
62576,40.58,2015,10152,7
62577,48.25,2015,10152,6
62578,44.17,2015,10152,11
62579,37.75,2015,10152,3
62580,53.44,2015,10152,9
62581,40.27,2015,10152,4
62582,78.52,2015,10153,2
62583,65.71,2015,10153,1
62584,70.32,2015,10153,8
62585,69.4,2015,10153,5
62586,68.41,2015,10153,7
62587,56.55,2015,10153,6
62588,69.56,2015,10153,3
62589,59.18,2015,10153,9
62590,63.91,2015,10153,4
62591,64.21,2015,10154,2
62592,49.58,2015,10154,1
62593,53.06,2015,10154,8
62594,56.83,2015,10154,7
62595,54.4,2015,10154,6
62596,62.83,2015,10154,9
62597,47.43,2015,10154,4
62598,55.75,2015,10155,2
62599,41.4,2015,10155,1
62600,43.67,2015,10155,8
62601,46.14,2015,10155,7
62602,46.83,2015,10156,2
62603,20.09,2015,10156,1
62604,41.44,2015,10156,8
62605,47,2015,10156,5
62606,39.29,2015,10156,4
62607,67.42,2015,10158,2
62608,40.06,2015,10158,1
62609,56.76,2015,10158,8
62610,46.33,2015,10158,9
62611,64,2015,10158,3
62612,52.2,2015,10158,6
62613,70.09,2015,10159,2
62614,55.73,2015,10159,1
62615,62.69,2015,10159,8
62616,55,2015,10159,7
62617,82.61,2015,10160,2
62618,63.35,2015,10160,1
62619,69.73,2015,10160,8
62620,77.73,2015,10160,5
62621,54.75,2015,10160,7
62622,82.8,2015,10160,3
62623,66.75,2015,10160,4
62624,70.44,2015,10161,2
62625,44.27,2015,10161,1
62626,61.98,2015,10161,8
62627,60.43,2015,10161,7
62628,55.75,2015,10161,9
62629,43.6,2015,10161,11
62630,72.45,2015,10161,3
62631,62.21,2015,10161,4
62632,69.42,2015,10162,2
62633,52.69,2015,10162,1
62634,59.17,2015,10162,8
62635,58.33,2015,10162,7
62636,57.57,2015,10162,3
62637,50.47,2015,10162,4
62638,76.62,2015,10163,2
62639,54.55,2015,10163,1
62640,83.45,2015,10163,8
62641,72.4,2015,10163,4
62642,53.46,2015,10163,7
62643,66.09,2015,10164,2
62644,42.47,2015,10164,1
62645,58.41,2015,10164,8
62646,52.17,2015,10164,7
62647,56.5,2015,10164,3
62648,51.93,2015,10164,4
62649,78.45,2015,10165,2
62650,58.87,2015,10165,1
62651,74.92,2015,10165,8
62652,63.25,2015,10165,5
62653,62.66,2015,10165,7
62654,71.4,2015,10165,6
62655,66.76,2015,10165,11
62656,67.06,2015,10165,3
62657,75.92,2015,10165,9
62658,58,2015,10165,4
62659,72.63,2015,10167,2
62660,47.91,2015,10167,1
62661,55.64,2015,10167,8
62662,45.83,2015,10167,7
62663,58.4,2015,10167,3
62664,49.75,2015,10167,4
62665,67.1,2015,10168,2
62666,50.34,2015,10168,1
62667,56.03,2015,10168,8
62668,52,2015,10168,7
62669,64.29,2015,10168,6
62670,84.5,2015,10168,3
62671,59.2,2015,10168,9
62672,54.6,2015,10168,4
62673,74.65,2015,10169,2
62674,53.23,2015,10169,1
62675,54.44,2015,10169,8
62676,43.14,2015,10169,4
62677,46.86,2015,10169,7
62678,77.5,2015,10170,2
62679,62.18,2015,10170,1
62680,70.14,2015,10170,8
62681,64.79,2015,10170,7
62682,70.21,2015,10170,6
62683,58,2015,10170,11
62684,72,2015,10170,3
62685,66.64,2015,10170,9
62686,70.35,2015,10171,2
62687,55.29,2015,10171,1
62688,65.93,2015,10171,8
62689,53.5,2015,10171,7
62690,64.8,2015,10172,2
62691,59.46,2015,10172,1
62692,57.29,2015,10172,8
62693,47.6,2015,10172,4
62694,56,2015,10172,7
62695,71.78,2015,10173,2
62696,48.83,2015,10173,1
62697,50.54,2015,10173,9
62698,51.54,2015,10173,6
62699,63.43,2015,10174,2
62700,41.33,2015,10174,11
62701,50.29,2015,10174,1
62702,56.42,2015,10174,8
62703,51.15,2015,10174,7
62704,77.33,2015,10175,2
62705,52.25,2015,10175,1
62706,55.93,2015,10175,8
62707,49.2,2015,10175,7
62708,50.25,2015,10175,9
62709,72.38,2015,10175,3
62710,48.43,2015,10176,2
62711,47.83,2015,10176,1
62712,49.18,2015,10176,8
62713,42.8,2015,10176,4
62714,60.7,2015,10177,2
62715,34.76,2015,10177,1
62716,52.88,2015,10177,8
62717,42.86,2015,10177,7
62718,53.25,2015,10177,9
62719,64.77,2015,10178,2
62720,50.06,2015,10178,1
62721,55.2,2015,10178,8
62722,55.71,2015,10178,7
62723,69.85,2015,10179,2
62724,43.57,2015,10179,1
62725,62.81,2015,10179,8
62726,59,2015,10179,4
62727,66.34,2015,10180,2
62728,48.5,2015,10180,1
62729,61.52,2015,10180,8
62730,49.17,2015,10180,7
62731,71.25,2015,10180,9
62732,62.67,2015,10180,3
62733,61.2,2015,10180,4
62734,77.45,2015,10181,2
62735,61.62,2015,10181,1
62736,63.23,2015,10181,8
62737,69.5,2015,10181,5
62738,61.18,2015,10181,7
62739,63.14,2015,10181,6
62740,55.25,2015,10181,11
62741,60,2015,10181,3
62742,70.5,2015,10181,9
62743,55.43,2015,10181,4
62744,72.78,2015,10183,2
62745,48.7,2015,10183,1
62746,59.47,2015,10183,8
62747,73.25,2015,10183,5
62748,56.28,2015,10183,7
62749,57.7,2015,10183,6
62750,52.06,2015,10183,11
62751,62.66,2015,10183,3
62752,70.41,2015,10183,9
62753,53.92,2015,10183,4
62754,71.61,2015,10184,2
62755,47.33,2015,10184,1
62756,51.31,2015,10184,8
62757,70.78,2015,10186,2
62758,41.69,2015,10186,1
62759,58.17,2015,10186,8
62760,66,2015,10186,5
62761,50.05,2015,10186,7
62762,66.43,2015,10186,6
62763,60.85,2015,10186,11
62764,60.33,2015,10186,3
62765,62.68,2015,10186,9
62766,49.92,2015,10186,4
62767,57.4,2015,10187,2
62768,32.28,2015,10187,1
62769,51.52,2015,10187,8
62770,46,2015,10187,7
62771,54.25,2015,10187,6
62772,52.5,2015,10187,3
62773,50.14,2015,10187,9
62774,43.92,2015,10187,4
62775,67.33,2015,10188,2
62776,40.33,2015,10188,1
62777,59.66,2015,10188,8
62778,74,2015,10189,2
62779,49.44,2015,10189,1
62780,62.45,2015,10189,8
62781,62.75,2015,10189,9
62782,62,2015,10189,3
62783,56.81,2015,10189,4
62784,60.75,2015,10190,2
62785,29.75,2015,10190,1
62786,74.97,2015,10191,2
62787,53.68,2015,10191,1
62788,61.47,2015,10191,8
62789,63.12,2015,10191,5
62790,50.8,2015,10191,7
62791,61.6,2015,10191,9
62792,67.9,2015,10191,3
62793,54.16,2015,10191,4
62794,81.5,2015,10192,2
62795,46.35,2015,10192,1
62796,64.15,2015,10192,8
62797,54.75,2015,10192,7
62798,63.5,2015,10192,6
62799,62.12,2015,10192,3
62800,78.75,2015,10192,9
62801,58.28,2015,10192,4
62802,68.51,2015,10193,2
62803,42.68,2015,10193,1
62804,57.58,2015,10193,8
62805,54.62,2015,10193,7
62806,58,2015,10193,9
62807,59.25,2015,10193,3
62808,49.85,2015,10193,4
62809,69.38,2015,10194,2
62810,55.62,2015,10194,1
62811,60.66,2015,10194,8
62812,60.4,2015,10194,4
62813,67.33,2015,10195,2
62814,54.2,2015,10195,1
62815,67,2015,10195,8
62816,61.75,2015,10196,2
62817,22,2015,10196,1
62818,54.75,2015,10196,8
62819,64.38,2015,10197,2
62820,42.92,2015,10197,1
62821,52.85,2015,10197,8
62822,39.4,2015,10197,4
62823,64.5,2015,10199,2
62824,38.5,2015,10199,1
62825,51.33,2015,10199,8
62826,61.83,2015,10200,2
62827,23.2,2015,10200,1
62828,66.43,2015,10202,2
62829,36.4,2015,10202,1
62830,51.72,2015,10202,8
62831,59.33,2015,10203,2
62832,40.25,2015,10203,1
62833,62.5,2015,10203,8
62834,63.36,2015,10204,2
62835,38.04,2015,10204,1
62836,55.7,2015,10204,8
62837,48.75,2015,10204,4
62838,61.8,2015,10205,2
62839,36.46,2015,10205,1
62840,58.92,2015,10205,8
62841,41,2015,10205,7
62842,58.25,2015,10205,9
62843,48,2015,10205,4
62844,63.75,2015,10206,2
62845,41.07,2015,10206,1
62846,54.55,2015,10206,8
62847,55,2015,10206,5
62848,45.85,2015,10206,7
62849,57.33,2015,10206,6
62850,20.75,2015,10206,11
62851,53,2015,10206,9
62852,45.5,2015,10206,4
62853,74.28,2015,10209,2
62854,52.41,2015,10209,1
62855,64.96,2015,10209,8
62856,58.62,2015,10209,5
62857,53.9,2015,10209,7
62858,64.5,2015,10209,6
62859,59.75,2015,10209,11
62860,59.95,2015,10209,3
62861,54.9,2015,10209,4
62862,85.78,2015,10210,2
62863,64.65,2015,10210,1
62864,75.09,2015,10210,8
62865,69.68,2015,10210,7
62866,66.3,2015,10210,6
62867,68.25,2015,10210,11
62868,72.81,2015,10210,3
62869,71.92,2015,10210,9
62870,69,2015,10210,4
62871,70.73,2015,10211,2
62872,50.32,2015,10211,1
62873,63.43,2015,10211,8
62874,68.8,2015,10211,5
62875,47.5,2015,10211,7
62876,71.4,2015,10211,6
62877,59,2015,10211,11
62878,69.55,2015,10211,3
62879,67,2015,10211,9
62880,54.69,2015,10211,4
62881,68.64,2015,10212,2
62882,39.15,2015,10212,1
62883,58.37,2015,10212,8
62884,70.85,2015,10212,6
62885,62.2,2015,10212,9
62886,55.16,2015,10212,4
62887,63.24,2015,10213,2
62888,37.1,2015,10213,1
62889,55.53,2015,10213,8
62890,54.8,2015,10213,9
62891,42.6,2015,10213,6
62892,71.76,2015,10214,2
62893,50,2015,10214,1
62894,65.26,2015,10214,8
62895,60,2015,10214,7
62896,70.83,2015,10214,3
62897,59.5,2015,10214,4
62898,66.53,2015,10216,2
62899,40.75,2015,10216,1
62900,52.83,2015,10216,8
62901,56.76,2015,10216,7
62902,61.75,2015,10216,6
62903,40.25,2015,10216,11
62904,49.66,2015,10216,3
62905,71.83,2015,10216,9
62906,37.45,2015,10216,4
62907,67.85,2015,10218,2
62908,53.16,2015,10218,1
62909,56.7,2015,10218,8
62910,51.87,2015,10218,7
62911,79.05,2015,10219,2
62912,45.74,2015,10219,1
62913,55.84,2015,10219,8
62914,64.71,2015,10219,5
62915,55.75,2015,10219,7
62916,54.5,2015,10219,3
62917,46.58,2015,10219,4
62918,63.06,2015,10221,2
62919,42.86,2015,10221,1
62920,53.88,2015,10221,8
62921,59.25,2015,10221,5
62922,43.55,2015,10221,7
62923,48.4,2015,10221,6
62924,53.62,2015,10221,9
62925,54.66,2015,10221,4
62926,77.25,2015,10222,2
62927,53.92,2015,10222,1
62928,64.15,2015,10222,8
62929,49.5,2015,10222,4
62930,51.33,2015,10222,7
62931,62.48,2015,10223,2
62932,33.25,2015,10223,1
62933,45.2,2015,10223,8
62934,63,2015,10224,2
62935,43.94,2015,10224,1
62936,55.61,2015,10224,8
62937,39.83,2015,10224,4
62938,50.42,2015,10224,7
62939,65.95,2015,10225,2
62940,40.12,2015,10225,1
62941,51.58,2015,10225,8
62942,52.69,2015,10225,7
62943,44.78,2015,10225,9
62944,50.16,2015,10225,11
62945,57.8,2015,10225,3
62946,42.08,2015,10225,4
62947,64.04,2015,10227,2
62948,37.22,2015,10227,1
62949,58.11,2015,10227,8
62950,48.5,2015,10227,7
62951,52,2015,10227,6
62952,52.16,2015,10227,9
62953,73.54,2015,10228,2
62954,47.55,2015,10228,1
62955,58.71,2015,10228,8
62956,75.69,2015,10229,2
62957,53.8,2015,10229,11
62958,58.45,2015,10229,1
62959,66.47,2015,10229,8
62960,54,2015,10229,4
62961,68.5,2015,10231,2
62962,37.66,2015,10231,1
62963,53.89,2015,10231,8
62964,51.14,2015,10231,9
62965,42.5,2015,10231,3
62966,39.44,2015,10231,4
62967,79.46,2015,10232,2
62968,48.68,2015,10232,1
62969,66.47,2015,10232,8
62970,77.9,2015,10232,5
62971,67.8,2015,10232,6
62972,63.75,2015,10232,11
62973,75.64,2015,10232,3
62974,60.3,2015,10232,9
62975,58.56,2015,10232,4
62976,71.67,2015,10233,2
62977,48,2015,10233,1
62978,58.8,2015,10233,8
62979,60.14,2015,10233,7
62980,57.5,2015,10233,6
62981,45.28,2015,10233,3
62982,67,2015,10233,9
62983,47.2,2015,10233,4
62984,72.11,2015,10234,2
62985,56.85,2015,10234,1
62986,64.87,2015,10234,8
62987,61.5,2015,10234,7
62988,66.75,2015,10234,6
62989,73.35,2015,10236,2
62990,53.45,2015,10236,1
62991,61.74,2015,10236,8
62992,67.5,2015,10236,5
62993,56.73,2015,10236,7
62994,66.58,2015,10236,3
62995,56.35,2015,10236,4
62996,53.85,2015,10237,2
62997,41.05,2015,10237,1
62998,50,2015,10237,8
62999,44,2015,10237,4
63000,53,2015,10237,7
63001,72.8,2015,10239,2
63002,46.14,2015,10239,1
63003,63.89,2015,10239,8
63004,47,2015,10239,7
63005,60.2,2015,10239,6
63006,54.25,2015,10239,3
63007,58.85,2015,10239,9
63008,52.42,2015,10239,4
63009,61.16,2015,10240,2
63010,52.56,2015,10240,1
63011,56.53,2015,10240,8
63012,35.75,2015,10240,9
63013,68.25,2015,10241,2
63014,34.54,2015,10241,1
63015,52.86,2015,10241,8
63016,41.14,2015,10241,7
63017,52.83,2015,10241,6
63018,59.75,2015,10241,3
63019,49.83,2015,10241,9
63020,39.16,2015,10241,4
63021,73.55,2015,10242,2
63022,48.44,2015,10242,1
63023,59.22,2015,10242,8
63024,57.88,2015,10242,7
63025,61.5,2015,10242,9
63026,65.2,2015,10242,11
63027,65.06,2015,10242,3
63028,49.23,2015,10242,4
63029,74.61,2015,10243,2
63030,50.3,2015,10243,1
63031,51.33,2015,10243,8
63032,78,2015,10243,9
63033,72.16,2015,10245,2
63034,56.5,2015,10245,1
63035,59,2015,10245,8
63036,51.4,2015,10245,7
63037,64.6,2015,10245,9
63038,46.63,2015,10245,4
63039,69.57,2015,10246,2
63040,45.2,2015,10246,1
63041,60.69,2015,10246,8
63042,60.75,2015,10246,5
63043,55.5,2015,10246,7
63044,59.2,2015,10246,9
63045,48.33,2015,10246,4
63046,41.76,2015,10249,1
63047,44.55,2015,10249,4
63048,54.7,2015,10249,8
63049,68.63,2015,10249,2
63050,48.44,2015,10249,7
63051,45.75,2015,10250,6
63052,49.5,2015,10250,4
63053,51.71,2015,10250,9
63054,41.98,2015,10250,1
63055,57.6,2015,10250,11
63056,48.83,2015,10250,8
63057,65.8,2015,10250,2
63058,53,2015,10250,7
63059,59.85,2015,10251,6
63060,55.13,2015,10251,5
63061,56.11,2015,10251,4
63062,56.95,2015,10251,9
63063,48.44,2015,10251,1
63064,72.19,2015,10251,3
63065,57.5,2015,10251,11
63066,60.33,2015,10251,8
63067,74.01,2015,10251,2
63068,54.64,2015,10251,7
63069,26.64,2015,10252,1
63070,46.5,2015,10252,9
63071,46,2015,10252,8
63072,59.44,2015,10252,2
63073,36.83,2015,10252,7
63074,45.78,2015,10253,1
63075,67,2015,10253,4
63076,58.71,2015,10253,8
63077,78,2015,10253,2
63078,62,2015,10253,7
63079,34.75,2015,10254,1
63080,50.09,2015,10254,4
63081,59.52,2015,10254,8
63082,63.09,2015,10254,2
63083,34.53,2015,10255,1
63084,55.16,2015,10255,8
63085,61.36,2015,10255,2
63086,47.67,2015,10255,7
63087,54.85,2015,10256,1
63088,53.33,2015,10256,8
63089,71.53,2015,10256,2
63090,58.33,2015,10256,7
63091,34.82,2015,10257,1
63092,58.2,2015,10257,8
63093,66.23,2015,10257,2
63094,34.89,2015,10258,1
63095,42.42,2015,10258,4
63096,52.33,2015,10258,8
63097,61.54,2015,10258,2
63098,41.46,2015,10258,7
63099,51.71,2015,10259,6
63100,41.11,2015,10259,4
63101,55.2,2015,10259,9
63102,31.21,2015,10259,1
63103,50.25,2015,10259,10
63104,54.86,2015,10259,8
63105,61.37,2015,10259,2
63106,45.67,2015,10259,7
63107,73,2015,10260,6
63108,52.4,2015,10260,4
63109,59.25,2015,10260,9
63110,43.21,2015,10260,1
63111,64.83,2015,10260,3
63112,58.9,2015,10260,8
63113,75.83,2015,10260,2
63114,53.09,2015,10260,7
63115,40.18,2015,10261,1
63116,41.36,2015,10261,4
63117,48.21,2015,10261,8
63118,64.08,2015,10261,2
63119,47.86,2015,10261,7
63120,48.6,2015,10262,6
63121,54.84,2015,10262,4
63122,47.6,2015,10262,9
63123,42.3,2015,10262,1
63124,60.83,2015,10262,3
63125,60.95,2015,10262,8
63126,69.22,2015,10262,2
63127,45.92,2015,10262,7
63128,57,2015,10263,4
63129,42.75,2015,10263,9
63130,58.72,2015,10263,1
63131,64.92,2015,10263,8
63132,78,2015,10263,2
63133,56.38,2015,10263,7
63134,40.78,2015,10264,4
63135,52.5,2015,10264,9
63136,43.63,2015,10264,1
63137,51.8,2015,10264,11
63138,56.04,2015,10264,8
63139,69,2015,10264,2
63140,47.6,2015,10264,7
63141,35,2015,10265,1
63142,68.25,2015,10265,2
63143,39.09,2015,10266,1
63144,59.86,2015,10266,8
63145,61.95,2015,10266,2
63146,45.2,2015,10266,7
63147,42.67,2015,10267,1
63148,48.8,2015,10267,8
63149,65.75,2015,10267,2
63150,44.38,2015,10268,1
63151,42.44,2015,10268,4
63152,60.35,2015,10268,8
63153,73.35,2015,10268,2
63154,41.81,2015,10269,1
63155,42.57,2015,10269,4
63156,58.84,2015,10269,8
63157,65.47,2015,10269,2
63158,49.88,2015,10269,7
63159,52.63,2015,10270,6
63160,44.29,2015,10270,9
63161,33.05,2015,10270,1
63162,44.9,2015,10270,8
63163,57.54,2015,10270,2
63164,43.3,2015,10270,7
63165,58.57,2015,10271,6
63166,55.6,2015,10271,4
63167,58.71,2015,10271,9
63168,43.18,2015,10271,1
63169,65.25,2015,10271,11
63170,58.3,2015,10271,8
63171,69.23,2015,10271,2
63172,53.85,2015,10271,7
63173,49.33,2015,10272,1
63174,49.83,2015,10272,8
63175,64.55,2015,10272,2
63176,21.14,2015,10273,1
63177,41.17,2015,10273,4
63178,48.35,2015,10273,8
63179,58.3,2015,10273,2
63180,53.22,2015,10274,6
63181,46.1,2015,10274,4
63182,52,2015,10274,9
63183,45.9,2015,10274,1
63184,55.04,2015,10274,8
63185,69.34,2015,10274,2
63186,52.71,2015,10274,7
63187,31,2015,10275,1
63188,34.2,2015,10275,4
63189,47.43,2015,10275,8
63190,62.56,2015,10275,2
63191,38.7,2015,10276,4
63192,29,2015,10276,11
63193,31.48,2015,10276,1
63194,43.38,2015,10276,10
63195,50.57,2015,10276,8
63196,63.79,2015,10276,2
63197,40.4,2015,10276,7
63198,62.33,2015,10277,6
63199,53.31,2015,10277,4
63200,48.2,2015,10277,9
63201,43.52,2015,10277,1
63202,51.5,2015,10277,3
63203,56.53,2015,10277,8
63204,73.76,2015,10277,2
63205,65,2015,10277,7
63206,38.5,2015,10279,1
63207,64.75,2015,10279,9
63208,49.63,2015,10279,8
63209,66.42,2015,10279,2
63210,56.4,2015,10280,6
63211,66.33,2015,10280,5
63212,47.75,2015,10280,4
63213,61.8,2015,10280,9
63214,38.53,2015,10280,1
63215,57.14,2015,10280,3
63216,52.06,2015,10280,8
63217,71.98,2015,10280,2
63218,54.89,2015,10280,7
63219,35.94,2015,10281,1
63220,47.13,2015,10281,4
63221,61.35,2015,10281,8
63222,65.61,2015,10281,2
63223,47.63,2015,10281,7
63224,43.36,2015,10282,1
63225,59.17,2015,10282,8
63226,67.38,2015,10282,2
63227,48.33,2015,10282,7
63228,24.13,2015,10283,1
63229,53.5,2015,10283,9
63230,47.92,2015,10283,8
63231,61.47,2015,10283,2
63232,37,2015,10284,4
63233,46,2015,10284,9
63234,41.25,2015,10284,1
63235,48.42,2015,10284,8
63236,65.04,2015,10284,2
63237,43.83,2015,10284,7
63238,68.25,2015,10285,6
63239,66.4,2015,10285,4
63240,64.5,2015,10285,9
63241,41.3,2015,10285,1
63242,64.33,2015,10285,8
63243,73.57,2015,10285,2
63244,53.7,2015,10285,7
63245,37.93,2015,10286,1
63246,48.92,2015,10286,8
63247,62.41,2015,10286,2
63248,48.5,2015,10286,7
63249,55.75,2015,10287,6
63250,62,2015,10287,5
63251,50.05,2015,10287,4
63252,62.59,2015,10287,9
63253,42.36,2015,10287,1
63254,52.86,2015,10287,3
63255,55,2015,10287,11
63256,62.53,2015,10287,8
63257,72.61,2015,10287,2
63258,57.96,2015,10287,7
63259,57.39,2015,10288,6
63260,60.6,2015,10288,5
63261,52.63,2015,10288,4
63262,59.52,2015,10288,9
63263,46.7,2015,10288,1
63264,67.5,2015,10288,3
63265,64.2,2015,10288,8
63266,72.23,2015,10288,2
63267,55.09,2015,10288,7
63268,60,2015,10289,5
63269,52.38,2015,10289,4
63270,54,2015,10289,9
63271,44.12,2015,10289,1
63272,46.5,2015,10289,3
63273,70.33,2015,10289,11
63274,57.29,2015,10289,8
63275,67.03,2015,10289,2
63276,44.26,2015,10289,7
63277,24.2,2015,10290,1
63278,44.25,2015,10290,4
63279,50.17,2015,10290,8
63280,59.29,2015,10290,2
63281,50.4,2015,10291,5
63282,51.83,2015,10291,4
63283,49.4,2015,10291,9
63284,45.3,2015,10291,1
63285,62,2015,10291,3
63286,88.45,2015,10291,11
63287,55.86,2015,10291,8
63288,70.37,2015,10291,2
63289,54.54,2015,10291,7
63290,51.71,2015,10292,6
63291,54.67,2015,10292,4
63292,54.6,2015,10292,9
63293,44.94,2015,10292,1
63294,57.83,2015,10292,8
63295,71.3,2015,10292,2
63296,52.62,2015,10292,7
63297,27.61,2015,10293,1
63298,43,2015,10293,4
63299,49.78,2015,10293,8
63300,65.23,2015,10293,2
63301,39.29,2015,10293,9
63302,42.57,2015,10294,1
63303,61.38,2015,10294,8
63304,62.39,2015,10294,2
63305,38.97,2015,10295,1
63306,55.41,2015,10295,8
63307,62.74,2015,10295,2
63308,43.43,2015,10295,7
63309,25.67,2015,10296,1
63310,42.75,2015,10296,8
63311,56.13,2015,10296,2
63312,25.9,2015,10297,1
63313,55.67,2015,10297,8
63314,65.39,2015,10297,2
63315,24.46,2015,10298,1
63316,28.83,2015,10298,4
63317,44.61,2015,10298,8
63318,58.75,2015,10298,2
63319,41.25,2015,10299,4
63320,59.5,2015,10299,9
63321,42.64,2015,10299,1
63322,74.2,2015,10299,3
63323,56.8,2015,10299,8
63324,70.79,2015,10299,2
63325,59.93,2015,10300,6
63326,65.42,2015,10300,5
63327,54.57,2015,10300,4
63328,61.42,2015,10300,9
63329,47.42,2015,10300,1
63330,78.55,2015,10300,3
63331,62.67,2015,10300,11
63332,61.89,2015,10300,8
63333,74.56,2015,10300,2
63334,60,2015,10300,7
63335,63.21,2015,10301,6
63336,57.5,2015,10301,5
63337,46.09,2015,10301,4
63338,64.25,2015,10301,9
63339,50.74,2015,10301,1
63340,53.17,2015,10301,11
63341,60.79,2015,10301,8
63342,74.87,2015,10301,2
63343,57.29,2015,10301,7
63344,28.75,2015,10302,1
63345,36.5,2015,10302,8
63346,57.33,2015,10302,2
63347,34.67,2015,10303,1
63348,66.56,2015,10303,2
63349,41.1,2015,10304,1
63350,69.58,2015,10304,8
63351,69.56,2015,10304,2
63352,45,2015,10305,6
63353,43.43,2015,10305,4
63354,48.09,2015,10305,9
63355,31,2015,10305,1
63356,54.1,2015,10305,8
63357,59.11,2015,10305,2
63358,49.29,2015,10305,7
63359,28.11,2015,10306,1
63360,34.2,2015,10306,9
63361,52,2015,10306,8
63362,63.22,2015,10306,2
63363,63.43,2015,10307,5
63364,48.22,2015,10307,4
63365,59.29,2015,10307,9
63366,51.71,2015,10307,1
63367,54.63,2015,10307,8
63368,72.49,2015,10307,2
63369,50.59,2015,10307,7
63370,41.8,2015,10308,4
63371,47.17,2015,10308,9
63372,35.21,2015,10308,1
63373,47.32,2015,10308,8
63374,60.48,2015,10308,2
63375,45.2,2015,10308,7
63376,61.67,2015,10309,5
63377,37.67,2015,10309,4
63378,45.62,2015,10309,1
63379,56.65,2015,10309,8
63380,66.65,2015,10309,2
63381,43,2015,10309,7
63382,51.75,2015,10310,6
63383,57.83,2015,10310,5
63384,56.85,2015,10310,4
63385,53.21,2015,10310,9
63386,46.64,2015,10310,1
63387,73.76,2015,10310,3
63388,65.84,2015,10310,8
63389,76.34,2015,10310,2
63390,54.4,2015,10310,7
63391,65.14,2015,10311,6
63392,69.11,2015,10311,5
63393,52,2015,10311,4
63394,64,2015,10311,9
63395,50.1,2015,10311,1
63396,74.04,2015,10311,3
63397,60.43,2015,10311,8
63398,77.87,2015,10311,2
63399,57.92,2015,10311,7
63400,54.69,2015,10312,4
63401,60.33,2015,10312,9
63402,41.5,2015,10312,1
63403,61.11,2015,10312,8
63404,75.7,2015,10312,2
63405,43.4,2015,10312,7
63406,26.57,2015,10314,1
63407,46,2015,10314,8
63408,64.4,2015,10314,2
63409,59,2015,10315,6
63410,72.5,2015,10315,5
63411,50.97,2015,10315,4
63412,55.1,2015,10315,9
63413,42.34,2015,10315,1
63414,64.29,2015,10315,3
63415,57.95,2015,10315,8
63416,72.22,2015,10315,2
63417,51.62,2015,10315,7
63418,38.3,2015,10316,1
63419,47.25,2015,10316,9
63420,47,2015,10316,8
63421,63.1,2015,10316,2
63422,43.6,2015,10316,7
63423,71.75,2015,10317,6
63424,71.63,2015,10317,11
63425,54.29,2015,10317,4
63426,61.91,2015,10317,9
63427,60.89,2015,10317,1
63428,66.42,2015,10317,5
63429,46.5,2015,10317,10
63430,66.97,2015,10317,3
63431,64.29,2015,10317,8
63432,77.7,2015,10317,2
63433,59.43,2015,10317,7
63434,22.93,2015,10318,1
63435,54.22,2015,10318,8
63436,58.47,2015,10318,2
63437,30.69,2015,10319,1
63438,41.4,2015,10319,4
63439,51.14,2015,10319,8
63440,64.22,2015,10319,2
63441,39.86,2015,10319,7
63442,47.33,2015,10320,1
63443,47.5,2015,10320,4
63444,55.9,2015,10320,8
63445,73.75,2015,10320,2
63446,52,2015,10321,1
63447,59.77,2015,10321,8
63448,75.31,2015,10321,2
63449,72.4,2015,10322,6
63450,58,2015,10322,5
63451,54.11,2015,10322,4
63452,59.75,2015,10322,9
63453,57,2015,10322,1
63454,57.8,2015,10322,3
63455,69,2015,10322,11
63456,61.84,2015,10322,8
63457,77.21,2015,10322,2
63458,56.02,2015,10322,7
63459,29.94,2015,10323,1
63460,46.82,2015,10323,8
63461,63.5,2015,10323,2
63462,45.11,2015,10323,7
63463,60,2015,10324,5
63464,42.08,2015,10324,4
63465,43.26,2015,10324,1
63466,68,2015,10324,3
63467,60.07,2015,10324,8
63468,68.17,2015,10324,2
63469,57.5,2015,10324,7
63470,35.5,2015,10325,4
63471,47.25,2015,10325,9
63472,37.64,2015,10325,1
63473,52.37,2015,10325,8
63474,67.43,2015,10325,2
63475,49.13,2015,10325,7
63476,35.86,2015,10326,1
63477,56,2015,10326,8
63478,64.9,2015,10326,2
63479,43.78,2015,10326,7
63480,33.75,2015,10327,1
63481,31.6,2015,10327,4
63482,47,2015,10327,8
63483,62.2,2015,10327,2
63484,24.83,2015,10328,1
63485,33.8,2015,10328,4
63486,48.27,2015,10328,8
63487,63.79,2015,10328,2
63488,69.5,2015,10329,6
63489,55.25,2015,10329,5
63490,57.56,2015,10329,4
63491,61.08,2015,10329,9
63492,48.44,2015,10329,1
63493,66.8,2015,10329,11
63494,60.08,2015,10329,8
63495,68.93,2015,10329,2
63496,50.56,2015,10329,7
63497,17.5,2015,10330,1
63498,57.75,2015,10330,5
63499,42.1,2015,10330,8
63500,52.22,2015,10330,2
63501,34.67,2015,10330,7
